Symbol,Price,Change,Direction,Date,Time,Market_Status,Market_Update_Time
AIRTEL,127.92,-0.04,down,2025-06-03,13:24:48,Open,03/06/25 13:20pm
BHL,14.55,-0.01,down,2025-06-03,13:24:48,Open,03/06/25 13:20pm
FDHB,313.5,-0.07,down,2025-06-03,13:24:48,Open,03/06/25 13:20pm
FMBCH,988.86,84.77,up,2025-06-03,13:24:48,Open,03/06/25 13:20pm
ICON,17.95,0.0,no change,2025-06-03,13:24:48,Open,03/06/25 13:20pm
ILLOVO,1791.38,-0.02,down,2025-06-03,13:24:48,Open,03/06/25 13:20pm
MPICO,19.0,0.0,no change,2025-06-03,13:24:48,Open,03/06/25 13:20pm
NBM,6200.17,0.01,up,2025-06-03,13:24:48,Open,03/06/25 13:20pm
NBS,355.02,11.02,up,2025-06-03,13:24:48,Open,03/06/25 13:20pm
NICO,776.39,-0.01,down,2025-06-03,13:24:48,Open,03/06/25 13:20pm
NITL,715.22,0.0,no change,2025-06-03,13:24:48,Open,03/06/25 13:20pm
OMU,2500.03,0.0,no change,2025-06-03,13:24:48,Open,03/06/25 13:20pm
PCL,3999.97,0.0,no change,2025-06-03,13:24:48,Open,03/06/25 13:20pm
STANDARD,9510.01,0.01,up,2025-06-03,13:24:48,Open,03/06/25 13:20pm
SUNBIRD,350.01,0.0,no change,2025-06-03,13:24:48,Open,03/06/25 13:20pm
TNM,22.98,-0.01,down,2025-06-03,13:24:48,Open,03/06/25 13:20pm
AIRTEL,127.92,-0.04,down,2025-06-03,17:22:35,Closed,03/06/25 17:00pm
BHL,14.56,0.0,no change,2025-06-03,17:22:35,Closed,03/06/25 17:00pm
FDHB,313.51,-0.06,down,2025-06-03,17:22:35,Closed,03/06/25 17:00pm
FMBCH,904.42,0.33,up,2025-06-03,17:22:35,Closed,03/06/25 17:00pm
ICON,17.95,0.0,no change,2025-06-03,17:22:35,Closed,03/06/25 17:00pm
ILLOVO,1791.38,-0.02,down,2025-06-03,17:22:35,Closed,03/06/25 17:00pm
MPICO,19.0,0.0,no change,2025-06-03,17:22:35,Closed,03/06/25 17:00pm
NBM,6200.17,0.01,up,2025-06-03,17:22:35,Closed,03/06/25 17:00pm
NBS,355.01,11.01,up,2025-06-03,17:22:35,Closed,03/06/25 17:00pm
NICO,776.39,-0.01,down,2025-06-03,17:22:35,Closed,03/06/25 17:00pm
NITL,715.22,0.0,no change,2025-06-03,17:22:35,Closed,03/06/25 17:00pm
OMU,2500.03,0.0,no change,2025-06-03,17:22:35,Closed,03/06/25 17:00pm
PCL,3999.97,0.0,no change,2025-06-03,17:22:35,Closed,03/06/25 17:00pm
STANDARD,9510.01,0.01,up,2025-06-03,17:22:35,Closed,03/06/25 17:00pm
SUNBIRD,350.01,0.0,no change,2025-06-03,17:22:35,Closed,03/06/25 17:00pm
TNM,22.98,-0.01,down,2025-06-03,17:22:35,Closed,03/06/25 17:00pm
AIRTEL,127.92,-0.04,down,2025-06-03,17:41:14,Closed,03/06/25 17:00pm
BHL,14.56,0.0,no change,2025-06-03,17:41:14,Closed,03/06/25 17:00pm
FDHB,313.51,-0.06,down,2025-06-03,17:41:14,Closed,03/06/25 17:00pm
FMBCH,904.42,0.33,up,2025-06-03,17:41:14,Closed,03/06/25 17:00pm
ICON,17.95,0.0,no change,2025-06-03,17:41:14,Closed,03/06/25 17:00pm
ILLOVO,1791.38,-0.02,down,2025-06-03,17:41:14,Closed,03/06/25 17:00pm
MPICO,19.0,0.0,no change,2025-06-03,17:41:14,Closed,03/06/25 17:00pm
NBM,6200.17,0.01,up,2025-06-03,17:41:14,Closed,03/06/25 17:00pm
NBS,355.01,11.01,up,2025-06-03,17:41:14,Closed,03/06/25 17:00pm
NICO,776.39,-0.01,down,2025-06-03,17:41:14,Closed,03/06/25 17:00pm
NITL,715.22,0.0,no change,2025-06-03,17:41:14,Closed,03/06/25 17:00pm
OMU,2500.03,0.0,no change,2025-06-03,17:41:14,Closed,03/06/25 17:00pm
PCL,3999.97,0.0,no change,2025-06-03,17:41:14,Closed,03/06/25 17:00pm
STANDARD,9510.01,0.01,up,2025-06-03,17:41:14,Closed,03/06/25 17:00pm
SUNBIRD,350.01,0.0,no change,2025-06-03,17:41:14,Closed,03/06/25 17:00pm
TNM,22.98,-0.01,down,2025-06-03,17:41:14,Closed,03/06/25 17:00pm
AIRTEL,127.92,-0.04,down,2025-06-03,17:42:52,Closed,03/06/25 17:00pm
BHL,14.56,0.0,no change,2025-06-03,17:42:52,Closed,03/06/25 17:00pm
FDHB,313.51,-0.06,down,2025-06-03,17:42:52,Closed,03/06/25 17:00pm
FMBCH,904.42,0.33,up,2025-06-03,17:42:52,Closed,03/06/25 17:00pm
ICON,17.95,0.0,no change,2025-06-03,17:42:52,Closed,03/06/25 17:00pm
ILLOVO,1791.38,-0.02,down,2025-06-03,17:42:52,Closed,03/06/25 17:00pm
MPICO,19.0,0.0,no change,2025-06-03,17:42:52,Closed,03/06/25 17:00pm
NBM,6200.17,0.01,up,2025-06-03,17:42:52,Closed,03/06/25 17:00pm
NBS,355.01,11.01,up,2025-06-03,17:42:52,Closed,03/06/25 17:00pm
NICO,776.39,-0.01,down,2025-06-03,17:42:52,Closed,03/06/25 17:00pm
NITL,715.22,0.0,no change,2025-06-03,17:42:52,Closed,03/06/25 17:00pm
OMU,2500.03,0.0,no change,2025-06-03,17:42:52,Closed,03/06/25 17:00pm
PCL,3999.97,0.0,no change,2025-06-03,17:42:52,Closed,03/06/25 17:00pm
STANDARD,9510.01,0.01,up,2025-06-03,17:42:52,Closed,03/06/25 17:00pm
SUNBIRD,350.01,0.0,no change,2025-06-03,17:42:52,Closed,03/06/25 17:00pm
TNM,22.98,-0.01,down,2025-06-03,17:42:52,Closed,03/06/25 17:00pm
AIRTEL,127.92,-0.04,down,2025-06-03,17:43:15,Closed,03/06/25 17:00pm
BHL,14.56,0.0,no change,2025-06-03,17:43:15,Closed,03/06/25 17:00pm
FDHB,313.51,-0.06,down,2025-06-03,17:43:15,Closed,03/06/25 17:00pm
FMBCH,904.42,0.33,up,2025-06-03,17:43:15,Closed,03/06/25 17:00pm
ICON,17.95,0.0,no change,2025-06-03,17:43:15,Closed,03/06/25 17:00pm
ILLOVO,1791.38,-0.02,down,2025-06-03,17:43:15,Closed,03/06/25 17:00pm
MPICO,19.0,0.0,no change,2025-06-03,17:43:15,Closed,03/06/25 17:00pm
NBM,6200.17,0.01,up,2025-06-03,17:43:15,Closed,03/06/25 17:00pm
NBS,355.01,11.01,up,2025-06-03,17:43:15,Closed,03/06/25 17:00pm
NICO,776.39,-0.01,down,2025-06-03,17:43:15,Closed,03/06/25 17:00pm
NITL,715.22,0.0,no change,2025-06-03,17:43:15,Closed,03/06/25 17:00pm
OMU,2500.03,0.0,no change,2025-06-03,17:43:15,Closed,03/06/25 17:00pm
PCL,3999.97,0.0,no change,2025-06-03,17:43:15,Closed,03/06/25 17:00pm
STANDARD,9510.01,0.01,up,2025-06-03,17:43:15,Closed,03/06/25 17:00pm
SUNBIRD,350.01,0.0,no change,2025-06-03,17:43:15,Closed,03/06/25 17:00pm
TNM,22.98,-0.01,down,2025-06-03,17:43:15,Closed,03/06/25 17:00pm
AIRTEL,127.92,-0.04,down,2025-06-03,17:46:39,Closed,03/06/25 17:00pm
BHL,14.56,0.0,no change,2025-06-03,17:46:39,Closed,03/06/25 17:00pm
FDHB,313.51,-0.06,down,2025-06-03,17:46:39,Closed,03/06/25 17:00pm
FMBCH,904.42,0.33,up,2025-06-03,17:46:39,Closed,03/06/25 17:00pm
ICON,17.95,0.0,no change,2025-06-03,17:46:39,Closed,03/06/25 17:00pm
ILLOVO,1791.38,-0.02,down,2025-06-03,17:46:39,Closed,03/06/25 17:00pm
MPICO,19.0,0.0,no change,2025-06-03,17:46:39,Closed,03/06/25 17:00pm
NBM,6200.17,0.01,up,2025-06-03,17:46:39,Closed,03/06/25 17:00pm
NBS,355.01,11.01,up,2025-06-03,17:46:39,Closed,03/06/25 17:00pm
NICO,776.39,-0.01,down,2025-06-03,17:46:39,Closed,03/06/25 17:00pm
NITL,715.22,0.0,no change,2025-06-03,17:46:39,Closed,03/06/25 17:00pm
OMU,2500.03,0.0,no change,2025-06-03,17:46:39,Closed,03/06/25 17:00pm
PCL,3999.97,0.0,no change,2025-06-03,17:46:39,Closed,03/06/25 17:00pm
STANDARD,9510.01,0.01,up,2025-06-03,17:46:39,Closed,03/06/25 17:00pm
SUNBIRD,350.01,0.0,no change,2025-06-03,17:46:39,Closed,03/06/25 17:00pm
TNM,22.98,-0.01,down,2025-06-03,17:46:39,Closed,03/06/25 17:00pm
AIRTEL,127.92,-0.04,down,2025-06-03,17:46:51,Closed,03/06/25 17:00pm
BHL,14.56,0.0,no change,2025-06-03,17:46:51,Closed,03/06/25 17:00pm
FDHB,313.51,-0.06,down,2025-06-03,17:46:51,Closed,03/06/25 17:00pm
FMBCH,904.42,0.33,up,2025-06-03,17:46:51,Closed,03/06/25 17:00pm
ICON,17.95,0.0,no change,2025-06-03,17:46:51,Closed,03/06/25 17:00pm
ILLOVO,1791.38,-0.02,down,2025-06-03,17:46:51,Closed,03/06/25 17:00pm
MPICO,19.0,0.0,no change,2025-06-03,17:46:51,Closed,03/06/25 17:00pm
NBM,6200.17,0.01,up,2025-06-03,17:46:51,Closed,03/06/25 17:00pm
NBS,355.01,11.01,up,2025-06-03,17:46:51,Closed,03/06/25 17:00pm
NICO,776.39,-0.01,down,2025-06-03,17:46:51,Closed,03/06/25 17:00pm
NITL,715.22,0.0,no change,2025-06-03,17:46:51,Closed,03/06/25 17:00pm
OMU,2500.03,0.0,no change,2025-06-03,17:46:51,Closed,03/06/25 17:00pm
PCL,3999.97,0.0,no change,2025-06-03,17:46:51,Closed,03/06/25 17:00pm
STANDARD,9510.01,0.01,up,2025-06-03,17:46:51,Closed,03/06/25 17:00pm
SUNBIRD,350.01,0.0,no change,2025-06-03,17:46:51,Closed,03/06/25 17:00pm
TNM,22.98,-0.01,down,2025-06-03,17:46:51,Closed,03/06/25 17:00pm
AIRTEL,127.92,-0.04,down,2025-06-03,17:47:54,Closed,03/06/25 17:00pm
BHL,14.56,0.0,no change,2025-06-03,17:47:54,Closed,03/06/25 17:00pm
FDHB,313.51,-0.06,down,2025-06-03,17:47:54,Closed,03/06/25 17:00pm
FMBCH,904.42,0.33,up,2025-06-03,17:47:54,Closed,03/06/25 17:00pm
ICON,17.95,0.0,no change,2025-06-03,17:47:54,Closed,03/06/25 17:00pm
ILLOVO,1791.38,-0.02,down,2025-06-03,17:47:54,Closed,03/06/25 17:00pm
MPICO,19.0,0.0,no change,2025-06-03,17:47:54,Closed,03/06/25 17:00pm
NBM,6200.17,0.01,up,2025-06-03,17:47:54,Closed,03/06/25 17:00pm
NBS,355.01,11.01,up,2025-06-03,17:47:54,Closed,03/06/25 17:00pm
NICO,776.39,-0.01,down,2025-06-03,17:47:54,Closed,03/06/25 17:00pm
NITL,715.22,0.0,no change,2025-06-03,17:47:54,Closed,03/06/25 17:00pm
OMU,2500.03,0.0,no change,2025-06-03,17:47:54,Closed,03/06/25 17:00pm
PCL,3999.97,0.0,no change,2025-06-03,17:47:54,Closed,03/06/25 17:00pm
STANDARD,9510.01,0.01,up,2025-06-03,17:47:54,Closed,03/06/25 17:00pm
SUNBIRD,350.01,0.0,no change,2025-06-03,17:47:54,Closed,03/06/25 17:00pm
TNM,22.98,-0.01,down,2025-06-03,17:47:54,Closed,03/06/25 17:00pm
AIRTEL,127.92,-0.04,down,2025-06-03,17:48:38,Closed,03/06/25 17:00pm
BHL,14.56,0.0,no change,2025-06-03,17:48:38,Closed,03/06/25 17:00pm
FDHB,313.51,-0.06,down,2025-06-03,17:48:38,Closed,03/06/25 17:00pm
FMBCH,904.42,0.33,up,2025-06-03,17:48:38,Closed,03/06/25 17:00pm
ICON,17.95,0.0,no change,2025-06-03,17:48:38,Closed,03/06/25 17:00pm
ILLOVO,1791.38,-0.02,down,2025-06-03,17:48:38,Closed,03/06/25 17:00pm
MPICO,19.0,0.0,no change,2025-06-03,17:48:38,Closed,03/06/25 17:00pm
NBM,6200.17,0.01,up,2025-06-03,17:48:38,Closed,03/06/25 17:00pm
NBS,355.01,11.01,up,2025-06-03,17:48:38,Closed,03/06/25 17:00pm
NICO,776.39,-0.01,down,2025-06-03,17:48:38,Closed,03/06/25 17:00pm
NITL,715.22,0.0,no change,2025-06-03,17:48:38,Closed,03/06/25 17:00pm
OMU,2500.03,0.0,no change,2025-06-03,17:48:38,Closed,03/06/25 17:00pm
PCL,3999.97,0.0,no change,2025-06-03,17:48:38,Closed,03/06/25 17:00pm
STANDARD,9510.01,0.01,up,2025-06-03,17:48:38,Closed,03/06/25 17:00pm
SUNBIRD,350.01,0.0,no change,2025-06-03,17:48:38,Closed,03/06/25 17:00pm
TNM,22.98,-0.01,down,2025-06-03,17:48:38,Closed,03/06/25 17:00pm
AIRTEL,127.92,-0.04,down,2025-06-03,17:48:41,Closed,03/06/25 17:00pm
BHL,14.56,0.0,no change,2025-06-03,17:48:41,Closed,03/06/25 17:00pm
FDHB,313.51,-0.06,down,2025-06-03,17:48:41,Closed,03/06/25 17:00pm
FMBCH,904.42,0.33,up,2025-06-03,17:48:41,Closed,03/06/25 17:00pm
ICON,17.95,0.0,no change,2025-06-03,17:48:41,Closed,03/06/25 17:00pm
ILLOVO,1791.38,-0.02,down,2025-06-03,17:48:41,Closed,03/06/25 17:00pm
MPICO,19.0,0.0,no change,2025-06-03,17:48:41,Closed,03/06/25 17:00pm
NBM,6200.17,0.01,up,2025-06-03,17:48:41,Closed,03/06/25 17:00pm
NBS,355.01,11.01,up,2025-06-03,17:48:41,Closed,03/06/25 17:00pm
NICO,776.39,-0.01,down,2025-06-03,17:48:41,Closed,03/06/25 17:00pm
NITL,715.22,0.0,no change,2025-06-03,17:48:41,Closed,03/06/25 17:00pm
OMU,2500.03,0.0,no change,2025-06-03,17:48:41,Closed,03/06/25 17:00pm
PCL,3999.97,0.0,no change,2025-06-03,17:48:41,Closed,03/06/25 17:00pm
STANDARD,9510.01,0.01,up,2025-06-03,17:48:41,Closed,03/06/25 17:00pm
SUNBIRD,350.01,0.0,no change,2025-06-03,17:48:41,Closed,03/06/25 17:00pm
TNM,22.98,-0.01,down,2025-06-03,17:48:41,Closed,03/06/25 17:00pm
AIRTEL,127.92,-0.04,down,2025-06-03,17:48:53,Closed,03/06/25 17:00pm
BHL,14.56,0.0,no change,2025-06-03,17:48:53,Closed,03/06/25 17:00pm
FDHB,313.51,-0.06,down,2025-06-03,17:48:53,Closed,03/06/25 17:00pm
FMBCH,904.42,0.33,up,2025-06-03,17:48:53,Closed,03/06/25 17:00pm
ICON,17.95,0.0,no change,2025-06-03,17:48:53,Closed,03/06/25 17:00pm
ILLOVO,1791.38,-0.02,down,2025-06-03,17:48:53,Closed,03/06/25 17:00pm
MPICO,19.0,0.0,no change,2025-06-03,17:48:53,Closed,03/06/25 17:00pm
NBM,6200.17,0.01,up,2025-06-03,17:48:53,Closed,03/06/25 17:00pm
NBS,355.01,11.01,up,2025-06-03,17:48:53,Closed,03/06/25 17:00pm
NICO,776.39,-0.01,down,2025-06-03,17:48:53,Closed,03/06/25 17:00pm
NITL,715.22,0.0,no change,2025-06-03,17:48:53,Closed,03/06/25 17:00pm
OMU,2500.03,0.0,no change,2025-06-03,17:48:53,Closed,03/06/25 17:00pm
PCL,3999.97,0.0,no change,2025-06-03,17:48:53,Closed,03/06/25 17:00pm
STANDARD,9510.01,0.01,up,2025-06-03,17:48:53,Closed,03/06/25 17:00pm
SUNBIRD,350.01,0.0,no change,2025-06-03,17:48:53,Closed,03/06/25 17:00pm
TNM,22.98,-0.01,down,2025-06-03,17:48:53,Closed,03/06/25 17:00pm
AIRTEL,127.92,-0.04,down,2025-06-03,17:49:01,Closed,03/06/25 17:00pm
BHL,14.56,0.0,no change,2025-06-03,17:49:01,Closed,03/06/25 17:00pm
FDHB,313.51,-0.06,down,2025-06-03,17:49:01,Closed,03/06/25 17:00pm
FMBCH,904.42,0.33,up,2025-06-03,17:49:01,Closed,03/06/25 17:00pm
ICON,17.95,0.0,no change,2025-06-03,17:49:01,Closed,03/06/25 17:00pm
ILLOVO,1791.38,-0.02,down,2025-06-03,17:49:01,Closed,03/06/25 17:00pm
MPICO,19.0,0.0,no change,2025-06-03,17:49:01,Closed,03/06/25 17:00pm
NBM,6200.17,0.01,up,2025-06-03,17:49:01,Closed,03/06/25 17:00pm
NBS,355.01,11.01,up,2025-06-03,17:49:01,Closed,03/06/25 17:00pm
NICO,776.39,-0.01,down,2025-06-03,17:49:01,Closed,03/06/25 17:00pm
NITL,715.22,0.0,no change,2025-06-03,17:49:01,Closed,03/06/25 17:00pm
OMU,2500.03,0.0,no change,2025-06-03,17:49:01,Closed,03/06/25 17:00pm
PCL,3999.97,0.0,no change,2025-06-03,17:49:01,Closed,03/06/25 17:00pm
STANDARD,9510.01,0.01,up,2025-06-03,17:49:01,Closed,03/06/25 17:00pm
SUNBIRD,350.01,0.0,no change,2025-06-03,17:49:01,Closed,03/06/25 17:00pm
TNM,22.98,-0.01,down,2025-06-03,17:49:01,Closed,03/06/25 17:00pm
AIRTEL,127.92,-0.04,down,2025-06-03,17:49:27,Closed,03/06/25 17:00pm
BHL,14.56,0.0,no change,2025-06-03,17:49:27,Closed,03/06/25 17:00pm
FDHB,313.51,-0.06,down,2025-06-03,17:49:27,Closed,03/06/25 17:00pm
FMBCH,904.42,0.33,up,2025-06-03,17:49:27,Closed,03/06/25 17:00pm
ICON,17.95,0.0,no change,2025-06-03,17:49:27,Closed,03/06/25 17:00pm
ILLOVO,1791.38,-0.02,down,2025-06-03,17:49:27,Closed,03/06/25 17:00pm
MPICO,19.0,0.0,no change,2025-06-03,17:49:27,Closed,03/06/25 17:00pm
NBM,6200.17,0.01,up,2025-06-03,17:49:27,Closed,03/06/25 17:00pm
NBS,355.01,11.01,up,2025-06-03,17:49:27,Closed,03/06/25 17:00pm
NICO,776.39,-0.01,down,2025-06-03,17:49:27,Closed,03/06/25 17:00pm
NITL,715.22,0.0,no change,2025-06-03,17:49:27,Closed,03/06/25 17:00pm
OMU,2500.03,0.0,no change,2025-06-03,17:49:27,Closed,03/06/25 17:00pm
PCL,3999.97,0.0,no change,2025-06-03,17:49:27,Closed,03/06/25 17:00pm
STANDARD,9510.01,0.01,up,2025-06-03,17:49:27,Closed,03/06/25 17:00pm
SUNBIRD,350.01,0.0,no change,2025-06-03,17:49:27,Closed,03/06/25 17:00pm
TNM,22.98,-0.01,down,2025-06-03,17:49:27,Closed,03/06/25 17:00pm
AIRTEL,127.92,-0.04,down,2025-06-03,17:49:55,Closed,03/06/25 17:00pm
BHL,14.56,0.0,no change,2025-06-03,17:49:55,Closed,03/06/25 17:00pm
FDHB,313.51,-0.06,down,2025-06-03,17:49:55,Closed,03/06/25 17:00pm
FMBCH,904.42,0.33,up,2025-06-03,17:49:55,Closed,03/06/25 17:00pm
ICON,17.95,0.0,no change,2025-06-03,17:49:55,Closed,03/06/25 17:00pm
ILLOVO,1791.38,-0.02,down,2025-06-03,17:49:55,Closed,03/06/25 17:00pm
MPICO,19.0,0.0,no change,2025-06-03,17:49:55,Closed,03/06/25 17:00pm
NBM,6200.17,0.01,up,2025-06-03,17:49:55,Closed,03/06/25 17:00pm
NBS,355.01,11.01,up,2025-06-03,17:49:55,Closed,03/06/25 17:00pm
NICO,776.39,-0.01,down,2025-06-03,17:49:55,Closed,03/06/25 17:00pm
NITL,715.22,0.0,no change,2025-06-03,17:49:55,Closed,03/06/25 17:00pm
OMU,2500.03,0.0,no change,2025-06-03,17:49:55,Closed,03/06/25 17:00pm
PCL,3999.97,0.0,no change,2025-06-03,17:49:55,Closed,03/06/25 17:00pm
STANDARD,9510.01,0.01,up,2025-06-03,17:49:55,Closed,03/06/25 17:00pm
SUNBIRD,350.01,0.0,no change,2025-06-03,17:49:55,Closed,03/06/25 17:00pm
TNM,22.98,-0.01,down,2025-06-03,17:49:55,Closed,03/06/25 17:00pm
AIRTEL,127.92,-0.04,down,2025-06-03,17:51:57,Closed,03/06/25 17:00pm
BHL,14.56,0.0,no change,2025-06-03,17:51:57,Closed,03/06/25 17:00pm
FDHB,313.51,-0.06,down,2025-06-03,17:51:57,Closed,03/06/25 17:00pm
FMBCH,904.42,0.33,up,2025-06-03,17:51:57,Closed,03/06/25 17:00pm
ICON,17.95,0.0,no change,2025-06-03,17:51:57,Closed,03/06/25 17:00pm
ILLOVO,1791.38,-0.02,down,2025-06-03,17:51:57,Closed,03/06/25 17:00pm
MPICO,19.0,0.0,no change,2025-06-03,17:51:57,Closed,03/06/25 17:00pm
NBM,6200.17,0.01,up,2025-06-03,17:51:57,Closed,03/06/25 17:00pm
NBS,355.01,11.01,up,2025-06-03,17:51:57,Closed,03/06/25 17:00pm
NICO,776.39,-0.01,down,2025-06-03,17:51:57,Closed,03/06/25 17:00pm
NITL,715.22,0.0,no change,2025-06-03,17:51:57,Closed,03/06/25 17:00pm
OMU,2500.03,0.0,no change,2025-06-03,17:51:57,Closed,03/06/25 17:00pm
PCL,3999.97,0.0,no change,2025-06-03,17:51:57,Closed,03/06/25 17:00pm
STANDARD,9510.01,0.01,up,2025-06-03,17:51:57,Closed,03/06/25 17:00pm
SUNBIRD,350.01,0.0,no change,2025-06-03,17:51:57,Closed,03/06/25 17:00pm
TNM,22.98,-0.01,down,2025-06-03,17:51:57,Closed,03/06/25 17:00pm
AIRTEL,127.92,-0.04,down,2025-06-03,17:53:58,Closed,03/06/25 17:00pm
BHL,14.56,0.0,no change,2025-06-03,17:53:58,Closed,03/06/25 17:00pm
FDHB,313.51,-0.06,down,2025-06-03,17:53:58,Closed,03/06/25 17:00pm
FMBCH,904.42,0.33,up,2025-06-03,17:53:58,Closed,03/06/25 17:00pm
ICON,17.95,0.0,no change,2025-06-03,17:53:58,Closed,03/06/25 17:00pm
ILLOVO,1791.38,-0.02,down,2025-06-03,17:53:58,Closed,03/06/25 17:00pm
MPICO,19.0,0.0,no change,2025-06-03,17:53:58,Closed,03/06/25 17:00pm
NBM,6200.17,0.01,up,2025-06-03,17:53:58,Closed,03/06/25 17:00pm
NBS,355.01,11.01,up,2025-06-03,17:53:58,Closed,03/06/25 17:00pm
NICO,776.39,-0.01,down,2025-06-03,17:53:58,Closed,03/06/25 17:00pm
NITL,715.22,0.0,no change,2025-06-03,17:53:58,Closed,03/06/25 17:00pm
OMU,2500.03,0.0,no change,2025-06-03,17:53:58,Closed,03/06/25 17:00pm
PCL,3999.97,0.0,no change,2025-06-03,17:53:58,Closed,03/06/25 17:00pm
STANDARD,9510.01,0.01,up,2025-06-03,17:53:58,Closed,03/06/25 17:00pm
SUNBIRD,350.01,0.0,no change,2025-06-03,17:53:58,Closed,03/06/25 17:00pm
TNM,22.98,-0.01,down,2025-06-03,17:53:58,Closed,03/06/25 17:00pm
AIRTEL,127.92,-0.04,down,2025-06-03,17:56:00,Closed,03/06/25 17:00pm
BHL,14.56,0.0,no change,2025-06-03,17:56:00,Closed,03/06/25 17:00pm
FDHB,313.51,-0.06,down,2025-06-03,17:56:00,Closed,03/06/25 17:00pm
FMBCH,904.42,0.33,up,2025-06-03,17:56:00,Closed,03/06/25 17:00pm
ICON,17.95,0.0,no change,2025-06-03,17:56:00,Closed,03/06/25 17:00pm
ILLOVO,1791.38,-0.02,down,2025-06-03,17:56:00,Closed,03/06/25 17:00pm
MPICO,19.0,0.0,no change,2025-06-03,17:56:00,Closed,03/06/25 17:00pm
NBM,6200.17,0.01,up,2025-06-03,17:56:00,Closed,03/06/25 17:00pm
NBS,355.01,11.01,up,2025-06-03,17:56:00,Closed,03/06/25 17:00pm
NICO,776.39,-0.01,down,2025-06-03,17:56:00,Closed,03/06/25 17:00pm
NITL,715.22,0.0,no change,2025-06-03,17:56:00,Closed,03/06/25 17:00pm
OMU,2500.03,0.0,no change,2025-06-03,17:56:00,Closed,03/06/25 17:00pm
PCL,3999.97,0.0,no change,2025-06-03,17:56:00,Closed,03/06/25 17:00pm
STANDARD,9510.01,0.01,up,2025-06-03,17:56:00,Closed,03/06/25 17:00pm
SUNBIRD,350.01,0.0,no change,2025-06-03,17:56:00,Closed,03/06/25 17:00pm
TNM,22.98,-0.01,down,2025-06-03,17:56:00,Closed,03/06/25 17:00pm
AIRTEL,127.92,-0.04,down,2025-06-03,17:57:41,Closed,03/06/25 17:00pm
BHL,14.56,0.0,no change,2025-06-03,17:57:41,Closed,03/06/25 17:00pm
FDHB,313.51,-0.06,down,2025-06-03,17:57:41,Closed,03/06/25 17:00pm
FMBCH,904.42,0.33,up,2025-06-03,17:57:41,Closed,03/06/25 17:00pm
ICON,17.95,0.0,no change,2025-06-03,17:57:41,Closed,03/06/25 17:00pm
ILLOVO,1791.38,-0.02,down,2025-06-03,17:57:41,Closed,03/06/25 17:00pm
MPICO,19.0,0.0,no change,2025-06-03,17:57:41,Closed,03/06/25 17:00pm
NBM,6200.17,0.01,up,2025-06-03,17:57:41,Closed,03/06/25 17:00pm
NBS,355.01,11.01,up,2025-06-03,17:57:41,Closed,03/06/25 17:00pm
NICO,776.39,-0.01,down,2025-06-03,17:57:41,Closed,03/06/25 17:00pm
NITL,715.22,0.0,no change,2025-06-03,17:57:41,Closed,03/06/25 17:00pm
OMU,2500.03,0.0,no change,2025-06-03,17:57:41,Closed,03/06/25 17:00pm
PCL,3999.97,0.0,no change,2025-06-03,17:57:41,Closed,03/06/25 17:00pm
STANDARD,9510.01,0.01,up,2025-06-03,17:57:41,Closed,03/06/25 17:00pm
SUNBIRD,350.01,0.0,no change,2025-06-03,17:57:41,Closed,03/06/25 17:00pm
TNM,22.98,-0.01,down,2025-06-03,17:57:41,Closed,03/06/25 17:00pm
AIRTEL,127.92,-0.04,down,2025-06-03,17:59:43,Closed,03/06/25 17:00pm
BHL,14.56,0.0,no change,2025-06-03,17:59:43,Closed,03/06/25 17:00pm
FDHB,313.51,-0.06,down,2025-06-03,17:59:43,Closed,03/06/25 17:00pm
FMBCH,904.42,0.33,up,2025-06-03,17:59:43,Closed,03/06/25 17:00pm
ICON,17.95,0.0,no change,2025-06-03,17:59:43,Closed,03/06/25 17:00pm
ILLOVO,1791.38,-0.02,down,2025-06-03,17:59:43,Closed,03/06/25 17:00pm
MPICO,19.0,0.0,no change,2025-06-03,17:59:43,Closed,03/06/25 17:00pm
NBM,6200.17,0.01,up,2025-06-03,17:59:43,Closed,03/06/25 17:00pm
NBS,355.01,11.01,up,2025-06-03,17:59:43,Closed,03/06/25 17:00pm
NICO,776.39,-0.01,down,2025-06-03,17:59:43,Closed,03/06/25 17:00pm
NITL,715.22,0.0,no change,2025-06-03,17:59:43,Closed,03/06/25 17:00pm
OMU,2500.03,0.0,no change,2025-06-03,17:59:43,Closed,03/06/25 17:00pm
PCL,3999.97,0.0,no change,2025-06-03,17:59:43,Closed,03/06/25 17:00pm
STANDARD,9510.01,0.01,up,2025-06-03,17:59:43,Closed,03/06/25 17:00pm
SUNBIRD,350.01,0.0,no change,2025-06-03,17:59:43,Closed,03/06/25 17:00pm
TNM,22.98,-0.01,down,2025-06-03,17:59:43,Closed,03/06/25 17:00pm
AIRTEL,127.92,-0.04,down,2025-06-03,18:01:44,Closed,03/06/25 17:00pm
BHL,14.56,0.0,no change,2025-06-03,18:01:44,Closed,03/06/25 17:00pm
FDHB,313.51,-0.06,down,2025-06-03,18:01:44,Closed,03/06/25 17:00pm
FMBCH,904.42,0.33,up,2025-06-03,18:01:44,Closed,03/06/25 17:00pm
ICON,17.95,0.0,no change,2025-06-03,18:01:44,Closed,03/06/25 17:00pm
ILLOVO,1791.38,-0.02,down,2025-06-03,18:01:44,Closed,03/06/25 17:00pm
MPICO,19.0,0.0,no change,2025-06-03,18:01:44,Closed,03/06/25 17:00pm
NBM,6200.17,0.01,up,2025-06-03,18:01:44,Closed,03/06/25 17:00pm
NBS,355.01,11.01,up,2025-06-03,18:01:44,Closed,03/06/25 17:00pm
NICO,776.39,-0.01,down,2025-06-03,18:01:44,Closed,03/06/25 17:00pm
NITL,715.22,0.0,no change,2025-06-03,18:01:44,Closed,03/06/25 17:00pm
OMU,2500.03,0.0,no change,2025-06-03,18:01:44,Closed,03/06/25 17:00pm
PCL,3999.97,0.0,no change,2025-06-03,18:01:44,Closed,03/06/25 17:00pm
STANDARD,9510.01,0.01,up,2025-06-03,18:01:44,Closed,03/06/25 17:00pm
SUNBIRD,350.01,0.0,no change,2025-06-03,18:01:44,Closed,03/06/25 17:00pm
TNM,22.98,-0.01,down,2025-06-03,18:01:44,Closed,03/06/25 17:00pm
AIRTEL,127.92,-0.04,down,2025-06-03,18:03:46,Closed,03/06/25 17:00pm
BHL,14.56,0.0,no change,2025-06-03,18:03:46,Closed,03/06/25 17:00pm
FDHB,313.51,-0.06,down,2025-06-03,18:03:46,Closed,03/06/25 17:00pm
FMBCH,904.42,0.33,up,2025-06-03,18:03:46,Closed,03/06/25 17:00pm
ICON,17.95,0.0,no change,2025-06-03,18:03:46,Closed,03/06/25 17:00pm
ILLOVO,1791.38,-0.02,down,2025-06-03,18:03:46,Closed,03/06/25 17:00pm
MPICO,19.0,0.0,no change,2025-06-03,18:03:46,Closed,03/06/25 17:00pm
NBM,6200.17,0.01,up,2025-06-03,18:03:46,Closed,03/06/25 17:00pm
NBS,355.01,11.01,up,2025-06-03,18:03:46,Closed,03/06/25 17:00pm
NICO,776.39,-0.01,down,2025-06-03,18:03:46,Closed,03/06/25 17:00pm
NITL,715.22,0.0,no change,2025-06-03,18:03:46,Closed,03/06/25 17:00pm
OMU,2500.03,0.0,no change,2025-06-03,18:03:46,Closed,03/06/25 17:00pm
PCL,3999.97,0.0,no change,2025-06-03,18:03:46,Closed,03/06/25 17:00pm
STANDARD,9510.01,0.01,up,2025-06-03,18:03:46,Closed,03/06/25 17:00pm
SUNBIRD,350.01,0.0,no change,2025-06-03,18:03:46,Closed,03/06/25 17:00pm
TNM,22.98,-0.01,down,2025-06-03,18:03:46,Closed,03/06/25 17:00pm
AIRTEL,127.92,-0.04,down,2025-06-03,18:05:47,Closed,03/06/25 17:00pm
BHL,14.56,0.0,no change,2025-06-03,18:05:47,Closed,03/06/25 17:00pm
FDHB,313.51,-0.06,down,2025-06-03,18:05:47,Closed,03/06/25 17:00pm
FMBCH,904.42,0.33,up,2025-06-03,18:05:47,Closed,03/06/25 17:00pm
ICON,17.95,0.0,no change,2025-06-03,18:05:47,Closed,03/06/25 17:00pm
ILLOVO,1791.38,-0.02,down,2025-06-03,18:05:47,Closed,03/06/25 17:00pm
MPICO,19.0,0.0,no change,2025-06-03,18:05:47,Closed,03/06/25 17:00pm
NBM,6200.17,0.01,up,2025-06-03,18:05:47,Closed,03/06/25 17:00pm
NBS,355.01,11.01,up,2025-06-03,18:05:47,Closed,03/06/25 17:00pm
NICO,776.39,-0.01,down,2025-06-03,18:05:47,Closed,03/06/25 17:00pm
NITL,715.22,0.0,no change,2025-06-03,18:05:47,Closed,03/06/25 17:00pm
OMU,2500.03,0.0,no change,2025-06-03,18:05:47,Closed,03/06/25 17:00pm
PCL,3999.97,0.0,no change,2025-06-03,18:05:47,Closed,03/06/25 17:00pm
STANDARD,9510.01,0.01,up,2025-06-03,18:05:47,Closed,03/06/25 17:00pm
SUNBIRD,350.01,0.0,no change,2025-06-03,18:05:47,Closed,03/06/25 17:00pm
TNM,22.98,-0.01,down,2025-06-03,18:05:47,Closed,03/06/25 17:00pm
AIRTEL,127.92,-0.04,down,2025-06-03,18:07:49,Closed,03/06/25 17:00pm
BHL,14.56,0.0,no change,2025-06-03,18:07:49,Closed,03/06/25 17:00pm
FDHB,313.51,-0.06,down,2025-06-03,18:07:49,Closed,03/06/25 17:00pm
FMBCH,904.42,0.33,up,2025-06-03,18:07:49,Closed,03/06/25 17:00pm
ICON,17.95,0.0,no change,2025-06-03,18:07:49,Closed,03/06/25 17:00pm
ILLOVO,1791.38,-0.02,down,2025-06-03,18:07:49,Closed,03/06/25 17:00pm
MPICO,19.0,0.0,no change,2025-06-03,18:07:49,Closed,03/06/25 17:00pm
NBM,6200.17,0.01,up,2025-06-03,18:07:49,Closed,03/06/25 17:00pm
NBS,355.01,11.01,up,2025-06-03,18:07:49,Closed,03/06/25 17:00pm
NICO,776.39,-0.01,down,2025-06-03,18:07:49,Closed,03/06/25 17:00pm
NITL,715.22,0.0,no change,2025-06-03,18:07:49,Closed,03/06/25 17:00pm
OMU,2500.03,0.0,no change,2025-06-03,18:07:49,Closed,03/06/25 17:00pm
PCL,3999.97,0.0,no change,2025-06-03,18:07:49,Closed,03/06/25 17:00pm
STANDARD,9510.01,0.01,up,2025-06-03,18:07:49,Closed,03/06/25 17:00pm
SUNBIRD,350.01,0.0,no change,2025-06-03,18:07:49,Closed,03/06/25 17:00pm
TNM,22.98,-0.01,down,2025-06-03,18:07:49,Closed,03/06/25 17:00pm
AIRTEL,127.92,-0.04,down,2025-06-03,18:09:51,Closed,03/06/25 17:00pm
BHL,14.56,0.0,no change,2025-06-03,18:09:51,Closed,03/06/25 17:00pm
FDHB,313.51,-0.06,down,2025-06-03,18:09:51,Closed,03/06/25 17:00pm
FMBCH,904.42,0.33,up,2025-06-03,18:09:51,Closed,03/06/25 17:00pm
ICON,17.95,0.0,no change,2025-06-03,18:09:51,Closed,03/06/25 17:00pm
ILLOVO,1791.38,-0.02,down,2025-06-03,18:09:51,Closed,03/06/25 17:00pm
MPICO,19.0,0.0,no change,2025-06-03,18:09:51,Closed,03/06/25 17:00pm
NBM,6200.17,0.01,up,2025-06-03,18:09:51,Closed,03/06/25 17:00pm
NBS,355.01,11.01,up,2025-06-03,18:09:51,Closed,03/06/25 17:00pm
NICO,776.39,-0.01,down,2025-06-03,18:09:51,Closed,03/06/25 17:00pm
NITL,715.22,0.0,no change,2025-06-03,18:09:51,Closed,03/06/25 17:00pm
OMU,2500.03,0.0,no change,2025-06-03,18:09:51,Closed,03/06/25 17:00pm
PCL,3999.97,0.0,no change,2025-06-03,18:09:51,Closed,03/06/25 17:00pm
STANDARD,9510.01,0.01,up,2025-06-03,18:09:51,Closed,03/06/25 17:00pm
SUNBIRD,350.01,0.0,no change,2025-06-03,18:09:51,Closed,03/06/25 17:00pm
TNM,22.98,-0.01,down,2025-06-03,18:09:51,Closed,03/06/25 17:00pm
AIRTEL,127.92,-0.04,down,2025-06-03,18:11:53,Closed,03/06/25 17:00pm
BHL,14.56,0.0,no change,2025-06-03,18:11:53,Closed,03/06/25 17:00pm
FDHB,313.51,-0.06,down,2025-06-03,18:11:53,Closed,03/06/25 17:00pm
FMBCH,904.42,0.33,up,2025-06-03,18:11:53,Closed,03/06/25 17:00pm
ICON,17.95,0.0,no change,2025-06-03,18:11:53,Closed,03/06/25 17:00pm
ILLOVO,1791.38,-0.02,down,2025-06-03,18:11:53,Closed,03/06/25 17:00pm
MPICO,19.0,0.0,no change,2025-06-03,18:11:53,Closed,03/06/25 17:00pm
NBM,6200.17,0.01,up,2025-06-03,18:11:53,Closed,03/06/25 17:00pm
NBS,355.01,11.01,up,2025-06-03,18:11:53,Closed,03/06/25 17:00pm
NICO,776.39,-0.01,down,2025-06-03,18:11:53,Closed,03/06/25 17:00pm
NITL,715.22,0.0,no change,2025-06-03,18:11:53,Closed,03/06/25 17:00pm
OMU,2500.03,0.0,no change,2025-06-03,18:11:53,Closed,03/06/25 17:00pm
PCL,3999.97,0.0,no change,2025-06-03,18:11:53,Closed,03/06/25 17:00pm
STANDARD,9510.01,0.01,up,2025-06-03,18:11:53,Closed,03/06/25 17:00pm
SUNBIRD,350.01,0.0,no change,2025-06-03,18:11:53,Closed,03/06/25 17:00pm
TNM,22.98,-0.01,down,2025-06-03,18:11:53,Closed,03/06/25 17:00pm
AIRTEL,127.92,-0.04,down,2025-06-03,18:13:55,Closed,03/06/25 17:00pm
BHL,14.56,0.0,no change,2025-06-03,18:13:55,Closed,03/06/25 17:00pm
FDHB,313.51,-0.06,down,2025-06-03,18:13:55,Closed,03/06/25 17:00pm
FMBCH,904.42,0.33,up,2025-06-03,18:13:55,Closed,03/06/25 17:00pm
ICON,17.95,0.0,no change,2025-06-03,18:13:55,Closed,03/06/25 17:00pm
ILLOVO,1791.38,-0.02,down,2025-06-03,18:13:55,Closed,03/06/25 17:00pm
MPICO,19.0,0.0,no change,2025-06-03,18:13:55,Closed,03/06/25 17:00pm
NBM,6200.17,0.01,up,2025-06-03,18:13:55,Closed,03/06/25 17:00pm
NBS,355.01,11.01,up,2025-06-03,18:13:55,Closed,03/06/25 17:00pm
NICO,776.39,-0.01,down,2025-06-03,18:13:55,Closed,03/06/25 17:00pm
NITL,715.22,0.0,no change,2025-06-03,18:13:55,Closed,03/06/25 17:00pm
OMU,2500.03,0.0,no change,2025-06-03,18:13:55,Closed,03/06/25 17:00pm
PCL,3999.97,0.0,no change,2025-06-03,18:13:55,Closed,03/06/25 17:00pm
STANDARD,9510.01,0.01,up,2025-06-03,18:13:55,Closed,03/06/25 17:00pm
SUNBIRD,350.01,0.0,no change,2025-06-03,18:13:55,Closed,03/06/25 17:00pm
TNM,22.98,-0.01,down,2025-06-03,18:13:55,Closed,03/06/25 17:00pm
AIRTEL,127.92,-0.04,down,2025-06-03,18:15:57,Closed,03/06/25 17:00pm
BHL,14.56,0.0,no change,2025-06-03,18:15:57,Closed,03/06/25 17:00pm
FDHB,313.51,-0.06,down,2025-06-03,18:15:57,Closed,03/06/25 17:00pm
FMBCH,904.42,0.33,up,2025-06-03,18:15:57,Closed,03/06/25 17:00pm
ICON,17.95,0.0,no change,2025-06-03,18:15:57,Closed,03/06/25 17:00pm
ILLOVO,1791.38,-0.02,down,2025-06-03,18:15:57,Closed,03/06/25 17:00pm
MPICO,19.0,0.0,no change,2025-06-03,18:15:57,Closed,03/06/25 17:00pm
NBM,6200.17,0.01,up,2025-06-03,18:15:57,Closed,03/06/25 17:00pm
NBS,355.01,11.01,up,2025-06-03,18:15:57,Closed,03/06/25 17:00pm
NICO,776.39,-0.01,down,2025-06-03,18:15:57,Closed,03/06/25 17:00pm
NITL,715.22,0.0,no change,2025-06-03,18:15:57,Closed,03/06/25 17:00pm
OMU,2500.03,0.0,no change,2025-06-03,18:15:57,Closed,03/06/25 17:00pm
PCL,3999.97,0.0,no change,2025-06-03,18:15:57,Closed,03/06/25 17:00pm
STANDARD,9510.01,0.01,up,2025-06-03,18:15:57,Closed,03/06/25 17:00pm
SUNBIRD,350.01,0.0,no change,2025-06-03,18:15:57,Closed,03/06/25 17:00pm
TNM,22.98,-0.01,down,2025-06-03,18:15:57,Closed,03/06/25 17:00pm
AIRTEL,127.92,-0.04,down,2025-06-03,18:17:59,Closed,03/06/25 17:00pm
BHL,14.56,0.0,no change,2025-06-03,18:17:59,Closed,03/06/25 17:00pm
FDHB,313.51,-0.06,down,2025-06-03,18:17:59,Closed,03/06/25 17:00pm
FMBCH,904.42,0.33,up,2025-06-03,18:17:59,Closed,03/06/25 17:00pm
ICON,17.95,0.0,no change,2025-06-03,18:17:59,Closed,03/06/25 17:00pm
ILLOVO,1791.38,-0.02,down,2025-06-03,18:17:59,Closed,03/06/25 17:00pm
MPICO,19.0,0.0,no change,2025-06-03,18:17:59,Closed,03/06/25 17:00pm
NBM,6200.17,0.01,up,2025-06-03,18:17:59,Closed,03/06/25 17:00pm
NBS,355.01,11.01,up,2025-06-03,18:17:59,Closed,03/06/25 17:00pm
NICO,776.39,-0.01,down,2025-06-03,18:17:59,Closed,03/06/25 17:00pm
NITL,715.22,0.0,no change,2025-06-03,18:17:59,Closed,03/06/25 17:00pm
OMU,2500.03,0.0,no change,2025-06-03,18:17:59,Closed,03/06/25 17:00pm
PCL,3999.97,0.0,no change,2025-06-03,18:17:59,Closed,03/06/25 17:00pm
STANDARD,9510.01,0.01,up,2025-06-03,18:17:59,Closed,03/06/25 17:00pm
SUNBIRD,350.01,0.0,no change,2025-06-03,18:17:59,Closed,03/06/25 17:00pm
TNM,22.98,-0.01,down,2025-06-03,18:17:59,Closed,03/06/25 17:00pm
AIRTEL,127.92,-0.04,down,2025-06-03,18:20:00,Closed,03/06/25 17:00pm
BHL,14.56,0.0,no change,2025-06-03,18:20:00,Closed,03/06/25 17:00pm
FDHB,313.51,-0.06,down,2025-06-03,18:20:00,Closed,03/06/25 17:00pm
FMBCH,904.42,0.33,up,2025-06-03,18:20:00,Closed,03/06/25 17:00pm
ICON,17.95,0.0,no change,2025-06-03,18:20:00,Closed,03/06/25 17:00pm
ILLOVO,1791.38,-0.02,down,2025-06-03,18:20:00,Closed,03/06/25 17:00pm
MPICO,19.0,0.0,no change,2025-06-03,18:20:00,Closed,03/06/25 17:00pm
NBM,6200.17,0.01,up,2025-06-03,18:20:00,Closed,03/06/25 17:00pm
NBS,355.01,11.01,up,2025-06-03,18:20:00,Closed,03/06/25 17:00pm
NICO,776.39,-0.01,down,2025-06-03,18:20:00,Closed,03/06/25 17:00pm
NITL,715.22,0.0,no change,2025-06-03,18:20:00,Closed,03/06/25 17:00pm
OMU,2500.03,0.0,no change,2025-06-03,18:20:00,Closed,03/06/25 17:00pm
PCL,3999.97,0.0,no change,2025-06-03,18:20:00,Closed,03/06/25 17:00pm
STANDARD,9510.01,0.01,up,2025-06-03,18:20:00,Closed,03/06/25 17:00pm
SUNBIRD,350.01,0.0,no change,2025-06-03,18:20:00,Closed,03/06/25 17:00pm
TNM,22.98,-0.01,down,2025-06-03,18:20:00,Closed,03/06/25 17:00pm
AIRTEL,127.92,-0.04,down,2025-06-03,18:22:02,Closed,03/06/25 17:00pm
BHL,14.56,0.0,no change,2025-06-03,18:22:02,Closed,03/06/25 17:00pm
FDHB,313.51,-0.06,down,2025-06-03,18:22:02,Closed,03/06/25 17:00pm
FMBCH,904.42,0.33,up,2025-06-03,18:22:02,Closed,03/06/25 17:00pm
ICON,17.95,0.0,no change,2025-06-03,18:22:02,Closed,03/06/25 17:00pm
ILLOVO,1791.38,-0.02,down,2025-06-03,18:22:02,Closed,03/06/25 17:00pm
MPICO,19.0,0.0,no change,2025-06-03,18:22:02,Closed,03/06/25 17:00pm
NBM,6200.17,0.01,up,2025-06-03,18:22:02,Closed,03/06/25 17:00pm
NBS,355.01,11.01,up,2025-06-03,18:22:02,Closed,03/06/25 17:00pm
NICO,776.39,-0.01,down,2025-06-03,18:22:02,Closed,03/06/25 17:00pm
NITL,715.22,0.0,no change,2025-06-03,18:22:02,Closed,03/06/25 17:00pm
OMU,2500.03,0.0,no change,2025-06-03,18:22:02,Closed,03/06/25 17:00pm
PCL,3999.97,0.0,no change,2025-06-03,18:22:02,Closed,03/06/25 17:00pm
STANDARD,9510.01,0.01,up,2025-06-03,18:22:02,Closed,03/06/25 17:00pm
SUNBIRD,350.01,0.0,no change,2025-06-03,18:22:02,Closed,03/06/25 17:00pm
TNM,22.98,-0.01,down,2025-06-03,18:22:02,Closed,03/06/25 17:00pm
AIRTEL,127.92,-0.04,down,2025-06-03,18:24:04,Closed,03/06/25 17:00pm
BHL,14.56,0.0,no change,2025-06-03,18:24:04,Closed,03/06/25 17:00pm
FDHB,313.51,-0.06,down,2025-06-03,18:24:04,Closed,03/06/25 17:00pm
FMBCH,904.42,0.33,up,2025-06-03,18:24:04,Closed,03/06/25 17:00pm
ICON,17.95,0.0,no change,2025-06-03,18:24:04,Closed,03/06/25 17:00pm
ILLOVO,1791.38,-0.02,down,2025-06-03,18:24:04,Closed,03/06/25 17:00pm
MPICO,19.0,0.0,no change,2025-06-03,18:24:04,Closed,03/06/25 17:00pm
NBM,6200.17,0.01,up,2025-06-03,18:24:04,Closed,03/06/25 17:00pm
NBS,355.01,11.01,up,2025-06-03,18:24:04,Closed,03/06/25 17:00pm
NICO,776.39,-0.01,down,2025-06-03,18:24:04,Closed,03/06/25 17:00pm
NITL,715.22,0.0,no change,2025-06-03,18:24:04,Closed,03/06/25 17:00pm
OMU,2500.03,0.0,no change,2025-06-03,18:24:04,Closed,03/06/25 17:00pm
PCL,3999.97,0.0,no change,2025-06-03,18:24:04,Closed,03/06/25 17:00pm
STANDARD,9510.01,0.01,up,2025-06-03,18:24:04,Closed,03/06/25 17:00pm
SUNBIRD,350.01,0.0,no change,2025-06-03,18:24:04,Closed,03/06/25 17:00pm
TNM,22.98,-0.01,down,2025-06-03,18:24:04,Closed,03/06/25 17:00pm
AIRTEL,127.92,-0.04,down,2025-06-03,18:26:06,Closed,03/06/25 17:00pm
BHL,14.56,0.0,no change,2025-06-03,18:26:06,Closed,03/06/25 17:00pm
FDHB,313.51,-0.06,down,2025-06-03,18:26:06,Closed,03/06/25 17:00pm
FMBCH,904.42,0.33,up,2025-06-03,18:26:06,Closed,03/06/25 17:00pm
ICON,17.95,0.0,no change,2025-06-03,18:26:06,Closed,03/06/25 17:00pm
ILLOVO,1791.38,-0.02,down,2025-06-03,18:26:06,Closed,03/06/25 17:00pm
MPICO,19.0,0.0,no change,2025-06-03,18:26:06,Closed,03/06/25 17:00pm
NBM,6200.17,0.01,up,2025-06-03,18:26:06,Closed,03/06/25 17:00pm
NBS,355.01,11.01,up,2025-06-03,18:26:06,Closed,03/06/25 17:00pm
NICO,776.39,-0.01,down,2025-06-03,18:26:06,Closed,03/06/25 17:00pm
NITL,715.22,0.0,no change,2025-06-03,18:26:06,Closed,03/06/25 17:00pm
OMU,2500.03,0.0,no change,2025-06-03,18:26:06,Closed,03/06/25 17:00pm
PCL,3999.97,0.0,no change,2025-06-03,18:26:06,Closed,03/06/25 17:00pm
STANDARD,9510.01,0.01,up,2025-06-03,18:26:06,Closed,03/06/25 17:00pm
SUNBIRD,350.01,0.0,no change,2025-06-03,18:26:06,Closed,03/06/25 17:00pm
TNM,22.98,-0.01,down,2025-06-03,18:26:06,Closed,03/06/25 17:00pm
AIRTEL,127.92,-0.04,down,2025-06-03,18:28:08,Closed,03/06/25 17:00pm
BHL,14.56,0.0,no change,2025-06-03,18:28:08,Closed,03/06/25 17:00pm
FDHB,313.51,-0.06,down,2025-06-03,18:28:08,Closed,03/06/25 17:00pm
FMBCH,904.42,0.33,up,2025-06-03,18:28:08,Closed,03/06/25 17:00pm
ICON,17.95,0.0,no change,2025-06-03,18:28:08,Closed,03/06/25 17:00pm
ILLOVO,1791.38,-0.02,down,2025-06-03,18:28:08,Closed,03/06/25 17:00pm
MPICO,19.0,0.0,no change,2025-06-03,18:28:08,Closed,03/06/25 17:00pm
NBM,6200.17,0.01,up,2025-06-03,18:28:08,Closed,03/06/25 17:00pm
NBS,355.01,11.01,up,2025-06-03,18:28:08,Closed,03/06/25 17:00pm
NICO,776.39,-0.01,down,2025-06-03,18:28:08,Closed,03/06/25 17:00pm
NITL,715.22,0.0,no change,2025-06-03,18:28:08,Closed,03/06/25 17:00pm
OMU,2500.03,0.0,no change,2025-06-03,18:28:08,Closed,03/06/25 17:00pm
PCL,3999.97,0.0,no change,2025-06-03,18:28:08,Closed,03/06/25 17:00pm
STANDARD,9510.01,0.01,up,2025-06-03,18:28:08,Closed,03/06/25 17:00pm
SUNBIRD,350.01,0.0,no change,2025-06-03,18:28:08,Closed,03/06/25 17:00pm
TNM,22.98,-0.01,down,2025-06-03,18:28:08,Closed,03/06/25 17:00pm
AIRTEL,127.92,-0.04,down,2025-06-03,18:30:10,Closed,03/06/25 17:00pm
BHL,14.56,0.0,no change,2025-06-03,18:30:10,Closed,03/06/25 17:00pm
FDHB,313.51,-0.06,down,2025-06-03,18:30:10,Closed,03/06/25 17:00pm
FMBCH,904.42,0.33,up,2025-06-03,18:30:10,Closed,03/06/25 17:00pm
ICON,17.95,0.0,no change,2025-06-03,18:30:10,Closed,03/06/25 17:00pm
ILLOVO,1791.38,-0.02,down,2025-06-03,18:30:10,Closed,03/06/25 17:00pm
MPICO,19.0,0.0,no change,2025-06-03,18:30:10,Closed,03/06/25 17:00pm
NBM,6200.17,0.01,up,2025-06-03,18:30:10,Closed,03/06/25 17:00pm
NBS,355.01,11.01,up,2025-06-03,18:30:10,Closed,03/06/25 17:00pm
NICO,776.39,-0.01,down,2025-06-03,18:30:10,Closed,03/06/25 17:00pm
NITL,715.22,0.0,no change,2025-06-03,18:30:10,Closed,03/06/25 17:00pm
OMU,2500.03,0.0,no change,2025-06-03,18:30:10,Closed,03/06/25 17:00pm
PCL,3999.97,0.0,no change,2025-06-03,18:30:10,Closed,03/06/25 17:00pm
STANDARD,9510.01,0.01,up,2025-06-03,18:30:10,Closed,03/06/25 17:00pm
SUNBIRD,350.01,0.0,no change,2025-06-03,18:30:10,Closed,03/06/25 17:00pm
TNM,22.98,-0.01,down,2025-06-03,18:30:10,Closed,03/06/25 17:00pm
AIRTEL,127.92,-0.04,down,2025-06-03,18:32:12,Closed,03/06/25 17:00pm
BHL,14.56,0.0,no change,2025-06-03,18:32:12,Closed,03/06/25 17:00pm
FDHB,313.51,-0.06,down,2025-06-03,18:32:12,Closed,03/06/25 17:00pm
FMBCH,904.42,0.33,up,2025-06-03,18:32:12,Closed,03/06/25 17:00pm
ICON,17.95,0.0,no change,2025-06-03,18:32:12,Closed,03/06/25 17:00pm
ILLOVO,1791.38,-0.02,down,2025-06-03,18:32:12,Closed,03/06/25 17:00pm
MPICO,19.0,0.0,no change,2025-06-03,18:32:12,Closed,03/06/25 17:00pm
NBM,6200.17,0.01,up,2025-06-03,18:32:12,Closed,03/06/25 17:00pm
NBS,355.01,11.01,up,2025-06-03,18:32:12,Closed,03/06/25 17:00pm
NICO,776.39,-0.01,down,2025-06-03,18:32:12,Closed,03/06/25 17:00pm
NITL,715.22,0.0,no change,2025-06-03,18:32:12,Closed,03/06/25 17:00pm
OMU,2500.03,0.0,no change,2025-06-03,18:32:12,Closed,03/06/25 17:00pm
PCL,3999.97,0.0,no change,2025-06-03,18:32:12,Closed,03/06/25 17:00pm
STANDARD,9510.01,0.01,up,2025-06-03,18:32:12,Closed,03/06/25 17:00pm
SUNBIRD,350.01,0.0,no change,2025-06-03,18:32:12,Closed,03/06/25 17:00pm
TNM,22.98,-0.01,down,2025-06-03,18:32:12,Closed,03/06/25 17:00pm
AIRTEL,127.92,-0.04,down,2025-06-03,18:38:59,Closed,03/06/25 17:00pm
BHL,14.56,0.0,no change,2025-06-03,18:38:59,Closed,03/06/25 17:00pm
FDHB,313.51,-0.06,down,2025-06-03,18:38:59,Closed,03/06/25 17:00pm
FMBCH,904.42,0.33,up,2025-06-03,18:38:59,Closed,03/06/25 17:00pm
ICON,17.95,0.0,no change,2025-06-03,18:38:59,Closed,03/06/25 17:00pm
ILLOVO,1791.38,-0.02,down,2025-06-03,18:38:59,Closed,03/06/25 17:00pm
MPICO,19.0,0.0,no change,2025-06-03,18:38:59,Closed,03/06/25 17:00pm
NBM,6200.17,0.01,up,2025-06-03,18:38:59,Closed,03/06/25 17:00pm
NBS,355.01,11.01,up,2025-06-03,18:38:59,Closed,03/06/25 17:00pm
NICO,776.39,-0.01,down,2025-06-03,18:38:59,Closed,03/06/25 17:00pm
NITL,715.22,0.0,no change,2025-06-03,18:38:59,Closed,03/06/25 17:00pm
OMU,2500.03,0.0,no change,2025-06-03,18:38:59,Closed,03/06/25 17:00pm
PCL,3999.97,0.0,no change,2025-06-03,18:38:59,Closed,03/06/25 17:00pm
STANDARD,9510.01,0.01,up,2025-06-03,18:38:59,Closed,03/06/25 17:00pm
SUNBIRD,350.01,0.0,no change,2025-06-03,18:38:59,Closed,03/06/25 17:00pm
TNM,22.98,-0.01,down,2025-06-03,18:38:59,Closed,03/06/25 17:00pm
AIRTEL,127.92,-0.04,down,2025-06-03,18:41:01,Closed,03/06/25 17:00pm
BHL,14.56,0.0,no change,2025-06-03,18:41:01,Closed,03/06/25 17:00pm
FDHB,313.51,-0.06,down,2025-06-03,18:41:01,Closed,03/06/25 17:00pm
FMBCH,904.42,0.33,up,2025-06-03,18:41:01,Closed,03/06/25 17:00pm
ICON,17.95,0.0,no change,2025-06-03,18:41:01,Closed,03/06/25 17:00pm
ILLOVO,1791.38,-0.02,down,2025-06-03,18:41:01,Closed,03/06/25 17:00pm
MPICO,19.0,0.0,no change,2025-06-03,18:41:01,Closed,03/06/25 17:00pm
NBM,6200.17,0.01,up,2025-06-03,18:41:01,Closed,03/06/25 17:00pm
NBS,355.01,11.01,up,2025-06-03,18:41:01,Closed,03/06/25 17:00pm
NICO,776.39,-0.01,down,2025-06-03,18:41:01,Closed,03/06/25 17:00pm
NITL,715.22,0.0,no change,2025-06-03,18:41:01,Closed,03/06/25 17:00pm
OMU,2500.03,0.0,no change,2025-06-03,18:41:01,Closed,03/06/25 17:00pm
PCL,3999.97,0.0,no change,2025-06-03,18:41:01,Closed,03/06/25 17:00pm
STANDARD,9510.01,0.01,up,2025-06-03,18:41:01,Closed,03/06/25 17:00pm
SUNBIRD,350.01,0.0,no change,2025-06-03,18:41:01,Closed,03/06/25 17:00pm
TNM,22.98,-0.01,down,2025-06-03,18:41:01,Closed,03/06/25 17:00pm
AIRTEL,127.92,-0.04,down,2025-06-03,18:43:03,Closed,03/06/25 17:00pm
BHL,14.56,0.0,no change,2025-06-03,18:43:03,Closed,03/06/25 17:00pm
FDHB,313.51,-0.06,down,2025-06-03,18:43:03,Closed,03/06/25 17:00pm
FMBCH,904.42,0.33,up,2025-06-03,18:43:03,Closed,03/06/25 17:00pm
ICON,17.95,0.0,no change,2025-06-03,18:43:03,Closed,03/06/25 17:00pm
ILLOVO,1791.38,-0.02,down,2025-06-03,18:43:03,Closed,03/06/25 17:00pm
MPICO,19.0,0.0,no change,2025-06-03,18:43:03,Closed,03/06/25 17:00pm
NBM,6200.17,0.01,up,2025-06-03,18:43:03,Closed,03/06/25 17:00pm
NBS,355.01,11.01,up,2025-06-03,18:43:03,Closed,03/06/25 17:00pm
NICO,776.39,-0.01,down,2025-06-03,18:43:03,Closed,03/06/25 17:00pm
NITL,715.22,0.0,no change,2025-06-03,18:43:03,Closed,03/06/25 17:00pm
OMU,2500.03,0.0,no change,2025-06-03,18:43:03,Closed,03/06/25 17:00pm
PCL,3999.97,0.0,no change,2025-06-03,18:43:03,Closed,03/06/25 17:00pm
STANDARD,9510.01,0.01,up,2025-06-03,18:43:03,Closed,03/06/25 17:00pm
SUNBIRD,350.01,0.0,no change,2025-06-03,18:43:03,Closed,03/06/25 17:00pm
TNM,22.98,-0.01,down,2025-06-03,18:43:03,Closed,03/06/25 17:00pm
AIRTEL,127.92,-0.04,down,2025-06-03,18:45:04,Closed,03/06/25 17:00pm
BHL,14.56,0.0,no change,2025-06-03,18:45:04,Closed,03/06/25 17:00pm
FDHB,313.51,-0.06,down,2025-06-03,18:45:04,Closed,03/06/25 17:00pm
FMBCH,904.42,0.33,up,2025-06-03,18:45:04,Closed,03/06/25 17:00pm
ICON,17.95,0.0,no change,2025-06-03,18:45:04,Closed,03/06/25 17:00pm
ILLOVO,1791.38,-0.02,down,2025-06-03,18:45:04,Closed,03/06/25 17:00pm
MPICO,19.0,0.0,no change,2025-06-03,18:45:04,Closed,03/06/25 17:00pm
NBM,6200.17,0.01,up,2025-06-03,18:45:04,Closed,03/06/25 17:00pm
NBS,355.01,11.01,up,2025-06-03,18:45:04,Closed,03/06/25 17:00pm
NICO,776.39,-0.01,down,2025-06-03,18:45:04,Closed,03/06/25 17:00pm
NITL,715.22,0.0,no change,2025-06-03,18:45:04,Closed,03/06/25 17:00pm
OMU,2500.03,0.0,no change,2025-06-03,18:45:04,Closed,03/06/25 17:00pm
PCL,3999.97,0.0,no change,2025-06-03,18:45:04,Closed,03/06/25 17:00pm
STANDARD,9510.01,0.01,up,2025-06-03,18:45:04,Closed,03/06/25 17:00pm
SUNBIRD,350.01,0.0,no change,2025-06-03,18:45:04,Closed,03/06/25 17:00pm
TNM,22.98,-0.01,down,2025-06-03,18:45:04,Closed,03/06/25 17:00pm
AIRTEL,127.92,-0.04,down,2025-06-03,18:47:06,Closed,03/06/25 17:00pm
BHL,14.56,0.0,no change,2025-06-03,18:47:06,Closed,03/06/25 17:00pm
FDHB,313.51,-0.06,down,2025-06-03,18:47:06,Closed,03/06/25 17:00pm
FMBCH,904.42,0.33,up,2025-06-03,18:47:06,Closed,03/06/25 17:00pm
ICON,17.95,0.0,no change,2025-06-03,18:47:06,Closed,03/06/25 17:00pm
ILLOVO,1791.38,-0.02,down,2025-06-03,18:47:06,Closed,03/06/25 17:00pm
MPICO,19.0,0.0,no change,2025-06-03,18:47:06,Closed,03/06/25 17:00pm
NBM,6200.17,0.01,up,2025-06-03,18:47:06,Closed,03/06/25 17:00pm
NBS,355.01,11.01,up,2025-06-03,18:47:06,Closed,03/06/25 17:00pm
NICO,776.39,-0.01,down,2025-06-03,18:47:06,Closed,03/06/25 17:00pm
NITL,715.22,0.0,no change,2025-06-03,18:47:06,Closed,03/06/25 17:00pm
OMU,2500.03,0.0,no change,2025-06-03,18:47:06,Closed,03/06/25 17:00pm
PCL,3999.97,0.0,no change,2025-06-03,18:47:06,Closed,03/06/25 17:00pm
STANDARD,9510.01,0.01,up,2025-06-03,18:47:06,Closed,03/06/25 17:00pm
SUNBIRD,350.01,0.0,no change,2025-06-03,18:47:06,Closed,03/06/25 17:00pm
TNM,22.98,-0.01,down,2025-06-03,18:47:06,Closed,03/06/25 17:00pm
AIRTEL,127.92,-0.04,down,2025-06-03,18:49:08,Closed,03/06/25 17:00pm
BHL,14.56,0.0,no change,2025-06-03,18:49:08,Closed,03/06/25 17:00pm
FDHB,313.51,-0.06,down,2025-06-03,18:49:08,Closed,03/06/25 17:00pm
FMBCH,904.42,0.33,up,2025-06-03,18:49:08,Closed,03/06/25 17:00pm
ICON,17.95,0.0,no change,2025-06-03,18:49:08,Closed,03/06/25 17:00pm
ILLOVO,1791.38,-0.02,down,2025-06-03,18:49:08,Closed,03/06/25 17:00pm
MPICO,19.0,0.0,no change,2025-06-03,18:49:08,Closed,03/06/25 17:00pm
NBM,6200.17,0.01,up,2025-06-03,18:49:08,Closed,03/06/25 17:00pm
NBS,355.01,11.01,up,2025-06-03,18:49:08,Closed,03/06/25 17:00pm
NICO,776.39,-0.01,down,2025-06-03,18:49:08,Closed,03/06/25 17:00pm
NITL,715.22,0.0,no change,2025-06-03,18:49:08,Closed,03/06/25 17:00pm
OMU,2500.03,0.0,no change,2025-06-03,18:49:08,Closed,03/06/25 17:00pm
PCL,3999.97,0.0,no change,2025-06-03,18:49:08,Closed,03/06/25 17:00pm
STANDARD,9510.01,0.01,up,2025-06-03,18:49:08,Closed,03/06/25 17:00pm
SUNBIRD,350.01,0.0,no change,2025-06-03,18:49:08,Closed,03/06/25 17:00pm
TNM,22.98,-0.01,down,2025-06-03,18:49:08,Closed,03/06/25 17:00pm
AIRTEL,127.92,-0.04,down,2025-06-03,18:51:10,Closed,03/06/25 17:00pm
BHL,14.56,0.0,no change,2025-06-03,18:51:10,Closed,03/06/25 17:00pm
FDHB,313.51,-0.06,down,2025-06-03,18:51:10,Closed,03/06/25 17:00pm
FMBCH,904.42,0.33,up,2025-06-03,18:51:10,Closed,03/06/25 17:00pm
ICON,17.95,0.0,no change,2025-06-03,18:51:10,Closed,03/06/25 17:00pm
ILLOVO,1791.38,-0.02,down,2025-06-03,18:51:10,Closed,03/06/25 17:00pm
MPICO,19.0,0.0,no change,2025-06-03,18:51:10,Closed,03/06/25 17:00pm
NBM,6200.17,0.01,up,2025-06-03,18:51:10,Closed,03/06/25 17:00pm
NBS,355.01,11.01,up,2025-06-03,18:51:10,Closed,03/06/25 17:00pm
NICO,776.39,-0.01,down,2025-06-03,18:51:10,Closed,03/06/25 17:00pm
NITL,715.22,0.0,no change,2025-06-03,18:51:10,Closed,03/06/25 17:00pm
OMU,2500.03,0.0,no change,2025-06-03,18:51:10,Closed,03/06/25 17:00pm
PCL,3999.97,0.0,no change,2025-06-03,18:51:10,Closed,03/06/25 17:00pm
STANDARD,9510.01,0.01,up,2025-06-03,18:51:10,Closed,03/06/25 17:00pm
SUNBIRD,350.01,0.0,no change,2025-06-03,18:51:10,Closed,03/06/25 17:00pm
TNM,22.98,-0.01,down,2025-06-03,18:51:10,Closed,03/06/25 17:00pm
AIRTEL,127.92,-0.04,down,2025-06-04,09:00:38,Pre-Open,03/06/25 17:00pm
BHL,14.56,0.0,no change,2025-06-04,09:00:38,Pre-Open,03/06/25 17:00pm
FDHB,313.51,-0.06,down,2025-06-04,09:00:38,Pre-Open,03/06/25 17:00pm
FMBCH,904.42,0.33,up,2025-06-04,09:00:38,Pre-Open,03/06/25 17:00pm
ICON,17.95,0.0,no change,2025-06-04,09:00:38,Pre-Open,03/06/25 17:00pm
ILLOVO,1791.38,-0.02,down,2025-06-04,09:00:38,Pre-Open,03/06/25 17:00pm
MPICO,19.0,0.0,no change,2025-06-04,09:00:38,Pre-Open,03/06/25 17:00pm
NBM,6200.17,0.01,up,2025-06-04,09:00:38,Pre-Open,03/06/25 17:00pm
NBS,355.01,11.01,up,2025-06-04,09:00:38,Pre-Open,03/06/25 17:00pm
NICO,776.39,-0.01,down,2025-06-04,09:00:38,Pre-Open,03/06/25 17:00pm
NITL,715.22,0.0,no change,2025-06-04,09:00:38,Pre-Open,03/06/25 17:00pm
OMU,2500.03,0.0,no change,2025-06-04,09:00:38,Pre-Open,03/06/25 17:00pm
PCL,3999.97,0.0,no change,2025-06-04,09:00:38,Pre-Open,03/06/25 17:00pm
STANDARD,9510.01,0.01,up,2025-06-04,09:00:38,Pre-Open,03/06/25 17:00pm
SUNBIRD,350.01,0.0,no change,2025-06-04,09:00:38,Pre-Open,03/06/25 17:00pm
TNM,22.98,-0.01,down,2025-06-04,09:00:38,Pre-Open,03/06/25 17:00pm
AIRTEL,127.92,-0.04,down,2025-06-04,09:01:39,Pre-Open,03/06/25 17:00pm
BHL,14.56,0.0,no change,2025-06-04,09:01:39,Pre-Open,03/06/25 17:00pm
FDHB,313.51,-0.06,down,2025-06-04,09:01:39,Pre-Open,03/06/25 17:00pm
FMBCH,904.42,0.33,up,2025-06-04,09:01:39,Pre-Open,03/06/25 17:00pm
ICON,17.95,0.0,no change,2025-06-04,09:01:39,Pre-Open,03/06/25 17:00pm
ILLOVO,1791.38,-0.02,down,2025-06-04,09:01:39,Pre-Open,03/06/25 17:00pm
MPICO,19.0,0.0,no change,2025-06-04,09:01:39,Pre-Open,03/06/25 17:00pm
NBM,6200.17,0.01,up,2025-06-04,09:01:39,Pre-Open,03/06/25 17:00pm
NBS,355.01,11.01,up,2025-06-04,09:01:39,Pre-Open,03/06/25 17:00pm
NICO,776.39,-0.01,down,2025-06-04,09:01:39,Pre-Open,03/06/25 17:00pm
NITL,715.22,0.0,no change,2025-06-04,09:01:39,Pre-Open,03/06/25 17:00pm
OMU,2500.03,0.0,no change,2025-06-04,09:01:39,Pre-Open,03/06/25 17:00pm
PCL,3999.97,0.0,no change,2025-06-04,09:01:39,Pre-Open,03/06/25 17:00pm
STANDARD,9510.01,0.01,up,2025-06-04,09:01:39,Pre-Open,03/06/25 17:00pm
SUNBIRD,350.01,0.0,no change,2025-06-04,09:01:39,Pre-Open,03/06/25 17:00pm
TNM,22.98,-0.01,down,2025-06-04,09:01:39,Pre-Open,03/06/25 17:00pm
AIRTEL,127.92,-0.04,down,2025-06-04,09:03:41,Pre-Open,03/06/25 17:00pm
BHL,14.56,0.0,no change,2025-06-04,09:03:41,Pre-Open,03/06/25 17:00pm
FDHB,313.51,-0.06,down,2025-06-04,09:03:41,Pre-Open,03/06/25 17:00pm
FMBCH,904.42,0.33,up,2025-06-04,09:03:41,Pre-Open,03/06/25 17:00pm
ICON,17.95,0.0,no change,2025-06-04,09:03:41,Pre-Open,03/06/25 17:00pm
ILLOVO,1791.38,-0.02,down,2025-06-04,09:03:41,Pre-Open,03/06/25 17:00pm
MPICO,19.0,0.0,no change,2025-06-04,09:03:41,Pre-Open,03/06/25 17:00pm
NBM,6200.17,0.01,up,2025-06-04,09:03:41,Pre-Open,03/06/25 17:00pm
NBS,355.01,11.01,up,2025-06-04,09:03:41,Pre-Open,03/06/25 17:00pm
NICO,776.39,-0.01,down,2025-06-04,09:03:41,Pre-Open,03/06/25 17:00pm
NITL,715.22,0.0,no change,2025-06-04,09:03:41,Pre-Open,03/06/25 17:00pm
OMU,2500.03,0.0,no change,2025-06-04,09:03:41,Pre-Open,03/06/25 17:00pm
PCL,3999.97,0.0,no change,2025-06-04,09:03:41,Pre-Open,03/06/25 17:00pm
STANDARD,9510.01,0.01,up,2025-06-04,09:03:41,Pre-Open,03/06/25 17:00pm
SUNBIRD,350.01,0.0,no change,2025-06-04,09:03:41,Pre-Open,03/06/25 17:00pm
TNM,22.98,-0.01,down,2025-06-04,09:03:41,Pre-Open,03/06/25 17:00pm
AIRTEL,127.92,-0.04,down,2025-06-04,09:05:57,Pre-Open,03/06/25 17:00pm
BHL,14.56,0.0,no change,2025-06-04,09:05:57,Pre-Open,03/06/25 17:00pm
FDHB,313.51,-0.06,down,2025-06-04,09:05:57,Pre-Open,03/06/25 17:00pm
FMBCH,904.42,0.33,up,2025-06-04,09:05:57,Pre-Open,03/06/25 17:00pm
ICON,17.95,0.0,no change,2025-06-04,09:05:57,Pre-Open,03/06/25 17:00pm
ILLOVO,1791.38,-0.02,down,2025-06-04,09:05:57,Pre-Open,03/06/25 17:00pm
MPICO,19.0,0.0,no change,2025-06-04,09:05:57,Pre-Open,03/06/25 17:00pm
NBM,6200.17,0.01,up,2025-06-04,09:05:57,Pre-Open,03/06/25 17:00pm
NBS,355.01,11.01,up,2025-06-04,09:05:57,Pre-Open,03/06/25 17:00pm
NICO,776.39,-0.01,down,2025-06-04,09:05:57,Pre-Open,03/06/25 17:00pm
NITL,715.22,0.0,no change,2025-06-04,09:05:57,Pre-Open,03/06/25 17:00pm
OMU,2500.03,0.0,no change,2025-06-04,09:05:57,Pre-Open,03/06/25 17:00pm
PCL,3999.97,0.0,no change,2025-06-04,09:05:57,Pre-Open,03/06/25 17:00pm
STANDARD,9510.01,0.01,up,2025-06-04,09:05:57,Pre-Open,03/06/25 17:00pm
SUNBIRD,350.01,0.0,no change,2025-06-04,09:05:57,Pre-Open,03/06/25 17:00pm
TNM,22.98,-0.01,down,2025-06-04,09:05:57,Pre-Open,03/06/25 17:00pm
AIRTEL,127.92,-0.04,down,2025-06-04,09:06:16,Pre-Open,03/06/25 17:00pm
BHL,14.56,0.0,no change,2025-06-04,09:06:16,Pre-Open,03/06/25 17:00pm
FDHB,313.51,-0.06,down,2025-06-04,09:06:16,Pre-Open,03/06/25 17:00pm
FMBCH,904.42,0.33,up,2025-06-04,09:06:16,Pre-Open,03/06/25 17:00pm
ICON,17.95,0.0,no change,2025-06-04,09:06:16,Pre-Open,03/06/25 17:00pm
ILLOVO,1791.38,-0.02,down,2025-06-04,09:06:16,Pre-Open,03/06/25 17:00pm
MPICO,19.0,0.0,no change,2025-06-04,09:06:16,Pre-Open,03/06/25 17:00pm
NBM,6200.17,0.01,up,2025-06-04,09:06:16,Pre-Open,03/06/25 17:00pm
NBS,355.01,11.01,up,2025-06-04,09:06:16,Pre-Open,03/06/25 17:00pm
NICO,776.39,-0.01,down,2025-06-04,09:06:16,Pre-Open,03/06/25 17:00pm
NITL,715.22,0.0,no change,2025-06-04,09:06:16,Pre-Open,03/06/25 17:00pm
OMU,2500.03,0.0,no change,2025-06-04,09:06:16,Pre-Open,03/06/25 17:00pm
PCL,3999.97,0.0,no change,2025-06-04,09:06:16,Pre-Open,03/06/25 17:00pm
STANDARD,9510.01,0.01,up,2025-06-04,09:06:16,Pre-Open,03/06/25 17:00pm
SUNBIRD,350.01,0.0,no change,2025-06-04,09:06:16,Pre-Open,03/06/25 17:00pm
TNM,22.98,-0.01,down,2025-06-04,09:06:16,Pre-Open,03/06/25 17:00pm
AIRTEL,127.92,-0.04,down,2025-06-04,09:08:21,Pre-Open,03/06/25 17:00pm
BHL,14.56,0.0,no change,2025-06-04,09:08:21,Pre-Open,03/06/25 17:00pm
FDHB,313.51,-0.06,down,2025-06-04,09:08:21,Pre-Open,03/06/25 17:00pm
FMBCH,904.42,0.33,up,2025-06-04,09:08:21,Pre-Open,03/06/25 17:00pm
ICON,17.95,0.0,no change,2025-06-04,09:08:21,Pre-Open,03/06/25 17:00pm
ILLOVO,1791.38,-0.02,down,2025-06-04,09:08:21,Pre-Open,03/06/25 17:00pm
MPICO,19.0,0.0,no change,2025-06-04,09:08:21,Pre-Open,03/06/25 17:00pm
NBM,6200.17,0.01,up,2025-06-04,09:08:21,Pre-Open,03/06/25 17:00pm
NBS,355.01,11.01,up,2025-06-04,09:08:21,Pre-Open,03/06/25 17:00pm
NICO,776.39,-0.01,down,2025-06-04,09:08:21,Pre-Open,03/06/25 17:00pm
NITL,715.22,0.0,no change,2025-06-04,09:08:21,Pre-Open,03/06/25 17:00pm
OMU,2500.03,0.0,no change,2025-06-04,09:08:21,Pre-Open,03/06/25 17:00pm
PCL,3999.97,0.0,no change,2025-06-04,09:08:21,Pre-Open,03/06/25 17:00pm
STANDARD,9510.01,0.01,up,2025-06-04,09:08:21,Pre-Open,03/06/25 17:00pm
SUNBIRD,350.01,0.0,no change,2025-06-04,09:08:21,Pre-Open,03/06/25 17:00pm
TNM,22.98,-0.01,down,2025-06-04,09:08:21,Pre-Open,03/06/25 17:00pm
AIRTEL,127.92,-0.04,down,2025-06-04,09:11:57,Pre-Open,03/06/25 17:00pm
BHL,14.56,0.0,no change,2025-06-04,09:11:57,Pre-Open,03/06/25 17:00pm
FDHB,313.51,-0.06,down,2025-06-04,09:11:57,Pre-Open,03/06/25 17:00pm
FMBCH,904.42,0.33,up,2025-06-04,09:11:57,Pre-Open,03/06/25 17:00pm
ICON,17.95,0.0,no change,2025-06-04,09:11:57,Pre-Open,03/06/25 17:00pm
ILLOVO,1791.38,-0.02,down,2025-06-04,09:11:57,Pre-Open,03/06/25 17:00pm
MPICO,19.0,0.0,no change,2025-06-04,09:11:57,Pre-Open,03/06/25 17:00pm
NBM,6200.17,0.01,up,2025-06-04,09:11:57,Pre-Open,03/06/25 17:00pm
NBS,355.01,11.01,up,2025-06-04,09:11:57,Pre-Open,03/06/25 17:00pm
NICO,776.39,-0.01,down,2025-06-04,09:11:57,Pre-Open,03/06/25 17:00pm
NITL,715.22,0.0,no change,2025-06-04,09:11:57,Pre-Open,03/06/25 17:00pm
OMU,2500.03,0.0,no change,2025-06-04,09:11:57,Pre-Open,03/06/25 17:00pm
PCL,3999.97,0.0,no change,2025-06-04,09:11:57,Pre-Open,03/06/25 17:00pm
STANDARD,9510.01,0.01,up,2025-06-04,09:11:57,Pre-Open,03/06/25 17:00pm
SUNBIRD,350.01,0.0,no change,2025-06-04,09:11:57,Pre-Open,03/06/25 17:00pm
TNM,22.98,-0.01,down,2025-06-04,09:11:57,Pre-Open,03/06/25 17:00pm
AIRTEL,127.92,-0.04,down,2025-06-04,09:13:59,Pre-Open,03/06/25 17:00pm
BHL,14.56,0.0,no change,2025-06-04,09:13:59,Pre-Open,03/06/25 17:00pm
FDHB,313.51,-0.06,down,2025-06-04,09:13:59,Pre-Open,03/06/25 17:00pm
FMBCH,904.42,0.33,up,2025-06-04,09:13:59,Pre-Open,03/06/25 17:00pm
ICON,17.95,0.0,no change,2025-06-04,09:13:59,Pre-Open,03/06/25 17:00pm
ILLOVO,1791.38,-0.02,down,2025-06-04,09:13:59,Pre-Open,03/06/25 17:00pm
MPICO,19.0,0.0,no change,2025-06-04,09:13:59,Pre-Open,03/06/25 17:00pm
NBM,6200.17,0.01,up,2025-06-04,09:13:59,Pre-Open,03/06/25 17:00pm
NBS,355.01,11.01,up,2025-06-04,09:13:59,Pre-Open,03/06/25 17:00pm
NICO,776.39,-0.01,down,2025-06-04,09:13:59,Pre-Open,03/06/25 17:00pm
NITL,715.22,0.0,no change,2025-06-04,09:13:59,Pre-Open,03/06/25 17:00pm
OMU,2500.03,0.0,no change,2025-06-04,09:13:59,Pre-Open,03/06/25 17:00pm
PCL,3999.97,0.0,no change,2025-06-04,09:13:59,Pre-Open,03/06/25 17:00pm
STANDARD,9510.01,0.01,up,2025-06-04,09:13:59,Pre-Open,03/06/25 17:00pm
SUNBIRD,350.01,0.0,no change,2025-06-04,09:13:59,Pre-Open,03/06/25 17:00pm
TNM,22.98,-0.01,down,2025-06-04,09:13:59,Pre-Open,03/06/25 17:00pm
AIRTEL,127.92,-0.04,down,2025-06-04,09:16:01,Pre-Open,03/06/25 17:00pm
BHL,14.56,0.0,no change,2025-06-04,09:16:01,Pre-Open,03/06/25 17:00pm
FDHB,313.51,-0.06,down,2025-06-04,09:16:01,Pre-Open,03/06/25 17:00pm
FMBCH,904.42,0.33,up,2025-06-04,09:16:01,Pre-Open,03/06/25 17:00pm
ICON,17.95,0.0,no change,2025-06-04,09:16:01,Pre-Open,03/06/25 17:00pm
ILLOVO,1791.38,-0.02,down,2025-06-04,09:16:01,Pre-Open,03/06/25 17:00pm
MPICO,19.0,0.0,no change,2025-06-04,09:16:01,Pre-Open,03/06/25 17:00pm
NBM,6200.17,0.01,up,2025-06-04,09:16:01,Pre-Open,03/06/25 17:00pm
NBS,355.01,11.01,up,2025-06-04,09:16:01,Pre-Open,03/06/25 17:00pm
NICO,776.39,-0.01,down,2025-06-04,09:16:01,Pre-Open,03/06/25 17:00pm
NITL,715.22,0.0,no change,2025-06-04,09:16:01,Pre-Open,03/06/25 17:00pm
OMU,2500.03,0.0,no change,2025-06-04,09:16:01,Pre-Open,03/06/25 17:00pm
PCL,3999.97,0.0,no change,2025-06-04,09:16:01,Pre-Open,03/06/25 17:00pm
STANDARD,9510.01,0.01,up,2025-06-04,09:16:01,Pre-Open,03/06/25 17:00pm
SUNBIRD,350.01,0.0,no change,2025-06-04,09:16:01,Pre-Open,03/06/25 17:00pm
TNM,22.98,-0.01,down,2025-06-04,09:16:01,Pre-Open,03/06/25 17:00pm
AIRTEL,127.92,-0.04,down,2025-06-04,09:16:02,Pre-Open,03/06/25 17:00pm
BHL,14.56,0.0,no change,2025-06-04,09:16:02,Pre-Open,03/06/25 17:00pm
FDHB,313.51,-0.06,down,2025-06-04,09:16:02,Pre-Open,03/06/25 17:00pm
FMBCH,904.42,0.33,up,2025-06-04,09:16:02,Pre-Open,03/06/25 17:00pm
ICON,17.95,0.0,no change,2025-06-04,09:16:02,Pre-Open,03/06/25 17:00pm
ILLOVO,1791.38,-0.02,down,2025-06-04,09:16:02,Pre-Open,03/06/25 17:00pm
MPICO,19.0,0.0,no change,2025-06-04,09:16:02,Pre-Open,03/06/25 17:00pm
NBM,6200.17,0.01,up,2025-06-04,09:16:02,Pre-Open,03/06/25 17:00pm
NBS,355.01,11.01,up,2025-06-04,09:16:02,Pre-Open,03/06/25 17:00pm
NICO,776.39,-0.01,down,2025-06-04,09:16:02,Pre-Open,03/06/25 17:00pm
NITL,715.22,0.0,no change,2025-06-04,09:16:02,Pre-Open,03/06/25 17:00pm
OMU,2500.03,0.0,no change,2025-06-04,09:16:02,Pre-Open,03/06/25 17:00pm
PCL,3999.97,0.0,no change,2025-06-04,09:16:02,Pre-Open,03/06/25 17:00pm
STANDARD,9510.01,0.01,up,2025-06-04,09:16:02,Pre-Open,03/06/25 17:00pm
SUNBIRD,350.01,0.0,no change,2025-06-04,09:16:02,Pre-Open,03/06/25 17:00pm
TNM,22.98,-0.01,down,2025-06-04,09:16:02,Pre-Open,03/06/25 17:00pm
AIRTEL,127.92,-0.04,down,2025-06-04,09:19:58,Pre-Open,03/06/25 17:00pm
BHL,14.56,0.0,no change,2025-06-04,09:19:58,Pre-Open,03/06/25 17:00pm
FDHB,313.51,-0.06,down,2025-06-04,09:19:58,Pre-Open,03/06/25 17:00pm
FMBCH,904.42,0.33,up,2025-06-04,09:19:58,Pre-Open,03/06/25 17:00pm
ICON,17.95,0.0,no change,2025-06-04,09:19:58,Pre-Open,03/06/25 17:00pm
ILLOVO,1791.38,-0.02,down,2025-06-04,09:19:58,Pre-Open,03/06/25 17:00pm
MPICO,19.0,0.0,no change,2025-06-04,09:19:58,Pre-Open,03/06/25 17:00pm
NBM,6200.17,0.01,up,2025-06-04,09:19:58,Pre-Open,03/06/25 17:00pm
NBS,355.01,11.01,up,2025-06-04,09:19:58,Pre-Open,03/06/25 17:00pm
NICO,776.39,-0.01,down,2025-06-04,09:19:58,Pre-Open,03/06/25 17:00pm
NITL,715.22,0.0,no change,2025-06-04,09:19:58,Pre-Open,03/06/25 17:00pm
OMU,2500.03,0.0,no change,2025-06-04,09:19:58,Pre-Open,03/06/25 17:00pm
PCL,3999.97,0.0,no change,2025-06-04,09:19:58,Pre-Open,03/06/25 17:00pm
STANDARD,9510.01,0.01,up,2025-06-04,09:19:58,Pre-Open,03/06/25 17:00pm
SUNBIRD,350.01,0.0,no change,2025-06-04,09:19:58,Pre-Open,03/06/25 17:00pm
TNM,22.98,-0.01,down,2025-06-04,09:19:58,Pre-Open,03/06/25 17:00pm
AIRTEL,127.92,-0.04,down,2025-06-04,09:20:50,Pre-Open,03/06/25 17:00pm
BHL,14.56,0.0,no change,2025-06-04,09:20:50,Pre-Open,03/06/25 17:00pm
FDHB,313.51,-0.06,down,2025-06-04,09:20:50,Pre-Open,03/06/25 17:00pm
FMBCH,904.42,0.33,up,2025-06-04,09:20:50,Pre-Open,03/06/25 17:00pm
ICON,17.95,0.0,no change,2025-06-04,09:20:50,Pre-Open,03/06/25 17:00pm
ILLOVO,1791.38,-0.02,down,2025-06-04,09:20:50,Pre-Open,03/06/25 17:00pm
MPICO,19.0,0.0,no change,2025-06-04,09:20:50,Pre-Open,03/06/25 17:00pm
NBM,6200.17,0.01,up,2025-06-04,09:20:50,Pre-Open,03/06/25 17:00pm
NBS,355.01,11.01,up,2025-06-04,09:20:50,Pre-Open,03/06/25 17:00pm
NICO,776.39,-0.01,down,2025-06-04,09:20:50,Pre-Open,03/06/25 17:00pm
NITL,715.22,0.0,no change,2025-06-04,09:20:50,Pre-Open,03/06/25 17:00pm
OMU,2500.03,0.0,no change,2025-06-04,09:20:50,Pre-Open,03/06/25 17:00pm
PCL,3999.97,0.0,no change,2025-06-04,09:20:50,Pre-Open,03/06/25 17:00pm
STANDARD,9510.01,0.01,up,2025-06-04,09:20:50,Pre-Open,03/06/25 17:00pm
SUNBIRD,350.01,0.0,no change,2025-06-04,09:20:50,Pre-Open,03/06/25 17:00pm
TNM,22.98,-0.01,down,2025-06-04,09:20:50,Pre-Open,03/06/25 17:00pm
AIRTEL,127.92,-0.04,down,2025-06-04,09:21:00,Pre-Open,03/06/25 17:00pm
BHL,14.56,0.0,no change,2025-06-04,09:21:00,Pre-Open,03/06/25 17:00pm
FDHB,313.51,-0.06,down,2025-06-04,09:21:00,Pre-Open,03/06/25 17:00pm
FMBCH,904.42,0.33,up,2025-06-04,09:21:00,Pre-Open,03/06/25 17:00pm
ICON,17.95,0.0,no change,2025-06-04,09:21:00,Pre-Open,03/06/25 17:00pm
ILLOVO,1791.38,-0.02,down,2025-06-04,09:21:00,Pre-Open,03/06/25 17:00pm
MPICO,19.0,0.0,no change,2025-06-04,09:21:00,Pre-Open,03/06/25 17:00pm
NBM,6200.17,0.01,up,2025-06-04,09:21:00,Pre-Open,03/06/25 17:00pm
NBS,355.01,11.01,up,2025-06-04,09:21:00,Pre-Open,03/06/25 17:00pm
NICO,776.39,-0.01,down,2025-06-04,09:21:00,Pre-Open,03/06/25 17:00pm
NITL,715.22,0.0,no change,2025-06-04,09:21:00,Pre-Open,03/06/25 17:00pm
OMU,2500.03,0.0,no change,2025-06-04,09:21:00,Pre-Open,03/06/25 17:00pm
PCL,3999.97,0.0,no change,2025-06-04,09:21:00,Pre-Open,03/06/25 17:00pm
STANDARD,9510.01,0.01,up,2025-06-04,09:21:00,Pre-Open,03/06/25 17:00pm
SUNBIRD,350.01,0.0,no change,2025-06-04,09:21:00,Pre-Open,03/06/25 17:00pm
TNM,22.98,-0.01,down,2025-06-04,09:21:00,Pre-Open,03/06/25 17:00pm
AIRTEL,127.92,-0.04,down,2025-06-04,09:23:52,Pre-Open,03/06/25 17:00pm
BHL,14.56,0.0,no change,2025-06-04,09:23:52,Pre-Open,03/06/25 17:00pm
FDHB,313.51,-0.06,down,2025-06-04,09:23:52,Pre-Open,03/06/25 17:00pm
FMBCH,904.42,0.33,up,2025-06-04,09:23:52,Pre-Open,03/06/25 17:00pm
ICON,17.95,0.0,no change,2025-06-04,09:23:52,Pre-Open,03/06/25 17:00pm
ILLOVO,1791.38,-0.02,down,2025-06-04,09:23:52,Pre-Open,03/06/25 17:00pm
MPICO,19.0,0.0,no change,2025-06-04,09:23:52,Pre-Open,03/06/25 17:00pm
NBM,6200.17,0.01,up,2025-06-04,09:23:52,Pre-Open,03/06/25 17:00pm
NBS,355.01,11.01,up,2025-06-04,09:23:52,Pre-Open,03/06/25 17:00pm
NICO,776.39,-0.01,down,2025-06-04,09:23:52,Pre-Open,03/06/25 17:00pm
NITL,715.22,0.0,no change,2025-06-04,09:23:52,Pre-Open,03/06/25 17:00pm
OMU,2500.03,0.0,no change,2025-06-04,09:23:52,Pre-Open,03/06/25 17:00pm
PCL,3999.97,0.0,no change,2025-06-04,09:23:52,Pre-Open,03/06/25 17:00pm
STANDARD,9510.01,0.01,up,2025-06-04,09:23:52,Pre-Open,03/06/25 17:00pm
SUNBIRD,350.01,0.0,no change,2025-06-04,09:23:52,Pre-Open,03/06/25 17:00pm
TNM,22.98,-0.01,down,2025-06-04,09:23:52,Pre-Open,03/06/25 17:00pm
AIRTEL,127.92,-0.04,down,2025-06-04,09:25:04,Pre-Open,03/06/25 17:00pm
BHL,14.56,0.0,no change,2025-06-04,09:25:04,Pre-Open,03/06/25 17:00pm
FDHB,313.51,-0.06,down,2025-06-04,09:25:04,Pre-Open,03/06/25 17:00pm
FMBCH,904.42,0.33,up,2025-06-04,09:25:04,Pre-Open,03/06/25 17:00pm
ICON,17.95,0.0,no change,2025-06-04,09:25:04,Pre-Open,03/06/25 17:00pm
ILLOVO,1791.38,-0.02,down,2025-06-04,09:25:04,Pre-Open,03/06/25 17:00pm
MPICO,19.0,0.0,no change,2025-06-04,09:25:04,Pre-Open,03/06/25 17:00pm
NBM,6200.17,0.01,up,2025-06-04,09:25:04,Pre-Open,03/06/25 17:00pm
NBS,355.01,11.01,up,2025-06-04,09:25:04,Pre-Open,03/06/25 17:00pm
NICO,776.39,-0.01,down,2025-06-04,09:25:04,Pre-Open,03/06/25 17:00pm
NITL,715.22,0.0,no change,2025-06-04,09:25:04,Pre-Open,03/06/25 17:00pm
OMU,2500.03,0.0,no change,2025-06-04,09:25:04,Pre-Open,03/06/25 17:00pm
PCL,3999.97,0.0,no change,2025-06-04,09:25:04,Pre-Open,03/06/25 17:00pm
STANDARD,9510.01,0.01,up,2025-06-04,09:25:04,Pre-Open,03/06/25 17:00pm
SUNBIRD,350.01,0.0,no change,2025-06-04,09:25:04,Pre-Open,03/06/25 17:00pm
TNM,22.98,-0.01,down,2025-06-04,09:25:04,Pre-Open,03/06/25 17:00pm
AIRTEL,127.92,-0.04,down,2025-06-04,09:25:06,Pre-Open,03/06/25 17:00pm
BHL,14.56,0.0,no change,2025-06-04,09:25:06,Pre-Open,03/06/25 17:00pm
FDHB,313.51,-0.06,down,2025-06-04,09:25:06,Pre-Open,03/06/25 17:00pm
FMBCH,904.42,0.33,up,2025-06-04,09:25:06,Pre-Open,03/06/25 17:00pm
ICON,17.95,0.0,no change,2025-06-04,09:25:06,Pre-Open,03/06/25 17:00pm
ILLOVO,1791.38,-0.02,down,2025-06-04,09:25:06,Pre-Open,03/06/25 17:00pm
MPICO,19.0,0.0,no change,2025-06-04,09:25:06,Pre-Open,03/06/25 17:00pm
NBM,6200.17,0.01,up,2025-06-04,09:25:06,Pre-Open,03/06/25 17:00pm
NBS,355.01,11.01,up,2025-06-04,09:25:06,Pre-Open,03/06/25 17:00pm
NICO,776.39,-0.01,down,2025-06-04,09:25:06,Pre-Open,03/06/25 17:00pm
NITL,715.22,0.0,no change,2025-06-04,09:25:06,Pre-Open,03/06/25 17:00pm
OMU,2500.03,0.0,no change,2025-06-04,09:25:06,Pre-Open,03/06/25 17:00pm
PCL,3999.97,0.0,no change,2025-06-04,09:25:06,Pre-Open,03/06/25 17:00pm
STANDARD,9510.01,0.01,up,2025-06-04,09:25:06,Pre-Open,03/06/25 17:00pm
SUNBIRD,350.01,0.0,no change,2025-06-04,09:25:06,Pre-Open,03/06/25 17:00pm
TNM,22.98,-0.01,down,2025-06-04,09:25:06,Pre-Open,03/06/25 17:00pm
AIRTEL,127.92,-0.04,down,2025-06-04,09:25:39,Pre-Open,03/06/25 17:00pm
BHL,14.56,0.0,no change,2025-06-04,09:25:39,Pre-Open,03/06/25 17:00pm
FDHB,313.51,-0.06,down,2025-06-04,09:25:39,Pre-Open,03/06/25 17:00pm
FMBCH,904.42,0.33,up,2025-06-04,09:25:39,Pre-Open,03/06/25 17:00pm
ICON,17.95,0.0,no change,2025-06-04,09:25:39,Pre-Open,03/06/25 17:00pm
ILLOVO,1791.38,-0.02,down,2025-06-04,09:25:39,Pre-Open,03/06/25 17:00pm
MPICO,19.0,0.0,no change,2025-06-04,09:25:39,Pre-Open,03/06/25 17:00pm
NBM,6200.17,0.01,up,2025-06-04,09:25:39,Pre-Open,03/06/25 17:00pm
NBS,355.01,11.01,up,2025-06-04,09:25:39,Pre-Open,03/06/25 17:00pm
NICO,776.39,-0.01,down,2025-06-04,09:25:39,Pre-Open,03/06/25 17:00pm
NITL,715.22,0.0,no change,2025-06-04,09:25:39,Pre-Open,03/06/25 17:00pm
OMU,2500.03,0.0,no change,2025-06-04,09:25:39,Pre-Open,03/06/25 17:00pm
PCL,3999.97,0.0,no change,2025-06-04,09:25:39,Pre-Open,03/06/25 17:00pm
STANDARD,9510.01,0.01,up,2025-06-04,09:25:39,Pre-Open,03/06/25 17:00pm
SUNBIRD,350.01,0.0,no change,2025-06-04,09:25:39,Pre-Open,03/06/25 17:00pm
TNM,22.98,-0.01,down,2025-06-04,09:25:39,Pre-Open,03/06/25 17:00pm
